gics_industry_code,gics_industry,gics_sub_industry_code,gics_sub_industry,company_name_en,korea_company_number,mandata_brand_name,mandata_brand_code,listing_status,security_code,previous_year_revenue,source,gmv_sector_portion,bt_from,bt_to
255040,Specialty Retail,25504040,Specialty Stores,WIZ CORP INC,1.10111E+12,WIZ CORP INC_ALL,1.10111E+15,KOSDAQ,KR7038620001,41213941,CARD H,0,2019-01-01,2023-06-30
451030,Software,45103020,Systems Software,KGINICIS CO LTD,1.10111E+12,KGINICIS CO LTD_ALL,1.10111E+15,KOSDAQ,KR7035600006,666957435,CARD H,0.8654,2019-01-01,2023-06-30
451030,Software,45103020,Systems Software,OMNITEL INC,1.10111E+12,OMNITEL INC_ALL,1.10111E+15,KOSDAQ,KR7057680001,8692328,CARD H,0,2019-01-01,2023-06-30
451030,Software,45103020,Systems Software,GAEASOFT,1.10111E+12,GAEASOFT_ALL,1.10111E+15,KOSDAQ,KR7051160000,50398568,CARD H,0,2019-01-01,2023-06-30
252030,"Textiles, Apparel & Luxury Goods",25203010,"Apparel, Accessories & Luxury Goods",CREAS F&C CO LTD,1.10111E+12,CREAS F&C CO LTD_ALL,1.10111E+15,KOSDAQ,KR7110790003,376471576,CARD H,0,2019-01-01,2023-06-30
255010,Distributors,25501010,Distributors,APROGEN HEALTHCARE & GAMES INC,1.10111E+12,APROGEN HEALTHCARE & GAMES INC_ALL,1.10111E+15,KOSDAQ,KR7109960005,9424776,CARD H,0,2019-01-01,2023-06-30
501010,Diversified Telecommunication Services,50101020,Integrated Telecommunication Services,KT CORPORATION,1.10111E+12,KT CORPORATION_ALL,1.10111E+15,KOSPI,KR7030200000,18289243000,CARD H,0,2019-01-01,2023-06-30
402010,Diversified Financial Services,40201020,Other Diversified Financial Services,DANAL CO LTD,1.10111E+12,DANAL CO LTD_ALL,1.10111E+15,KOSDAQ,KR7064260003,240720339,CARD H,0.9489,2019-01-01,2023-06-30
253010,"Hotels, Restaurants & Leisure",25301020,"Hotels, Resorts & Cruise Lines",REDCAPTOUR CO LTD,1.10111E+12,REDCAPTOUR CO LTD_ALL,1.10111E+15,KOSDAQ,KR7038390001,253321187,CARD H,1,2019-01-01,2023-06-30
501020,Wireless Telecommunication Services,50102010,Wireless Telecommunication Services,LG UPLUS CORP,1.10111E+12,LG UPLUS CORP_ALL,1.10111E+15,KOSPI,KR7032640005,12781569000,CARD H,0,2019-01-01,2023-06-30
451030,Software,45103010,Application Software,AFREECATV CO LTD,1.10111E+12,AFREECATV CO LTD_ALL,1.10111E+15,KOSDAQ,KR7067160002,304340329,CARD H,0,2019-01-01,2023-06-30
253010,"Hotels, Restaurants & Leisure",25301020,"Hotels, Resorts & Cruise Lines",SEJOONG CO LTD,1.10111E+12,SEJOONG CO LTD_ALL,1.10111E+15,KOSDAQ,KR7039310008,42125708,CARD H,0.9951,2019-01-01,2023-06-30
502030,Interactive Media & Services,50203010,Interactive Media & Services,DIGITALCHOSUN,1.10111E+12,DIGITALCHOSUN_ALL,1.10111E+15,KOSDAQ,KR7033130006,32580665,CARD H,0,2019-01-01,2023-06-30
255010,Distributors,25501010,Distributors,SEOULAUCTIONCO LTD,1.10111E+12,SEOULAUCTIONCO LTD_ALL,1.10111E+15,KOSDAQ,KR7063170005,53986283,CARD H,0,2019-01-01,2023-06-30
502030,Interactive Media & Services,50203010,Interactive Media & Services,KAKAO CORP,1.10111E+12,KAKAO CORP_ALL,1.10111E+15,KOSPI,KR7035720002,2456590806,CARD H,0,2019-01-01,2023-06-30
202020,Professional Services,20202030,Data Processing & Outsourced Services,NHN KCP CORP,1.10111E+12,NHN KCP CORP_ALL,1.10111E+15,KOSDAQ GLOBAL,KR7060250008,814378964,CARD H,0.9191,2019-01-01,2023-06-30
502010,Media,50201020,Broadcasting,CJ ENM CO LTD,1.10111E+12,CJ ENM CO LTD_ALL,1.10111E+15,KOSDAQ GLOBAL,KR7035760008,3010181373,CARD H,0.4765,2019-01-01,2023-06-30
451030,Software,45103020,Systems Software,UBCARE CO LTD,1.10111E+12,UBCARE CO LTD_ALL,1.10111E+15,KOSDAQ,KR7032620007,117412785,CARD H,0,2019-01-01,2023-06-30
502010,Media,50201040,Publishing,WFM INC,1.10111E+12,WFM INC_ALL,1.10111E+15,KOSDAQ,KR7035290006,9488858,CARD H,0,2019-01-01,2023-06-30
451030,Software,45103020,Systems Software,GALAXIAMONEYTREE CO LTD,1.10111E+12,GALAXIAMONEYTREE CO LTD_ALL,1.10111E+15,KOSDAQ,KR7094480001,110188428,CARD H,0.9703,2019-01-01,2023-06-30
502010,Media,50201040,Publishing,NE NEUNGYULE INC,1.10111E+12,NE NEUNGYULE INC_ALL,1.10111E+15,KOSDAQ,KR7053290003,80229931,CARD H,0,2019-01-01,2023-06-30
201060,Machinery,20106020,Industrial Machinery,PANACEA INC,1.10111E+12,PANACEA INC_ALL,1.10111E+15,KOSDAQ,KR7058530007,13561934,CARD H,0,2019-01-01,2023-06-30
253010,"Hotels, Restaurants & Leisure",25301020,"Hotels, Resorts & Cruise Lines",HANATOUR SERVICE INC,1.10111E+12,HANATOUR SERVICE INC_ALL,1.10111E+15,KOSPI,KR7039130000,66269096,CARD H,0.9869,2019-01-01,2023-06-30
452020,"Technology Hardware, Storage & Peripherals",45202030,"Technology Hardware, Storage & Peripherals",ATEC CO LTD,1.10111E+12,ATEC CO LTD_ALL,1.10111E+15,KOSDAQ,KR7045660008,91652073,CARD H,0,2019-01-01,2023-06-30
252030,"Textiles, Apparel & Luxury Goods",25203010,"Apparel, Accessories & Luxury Goods",GOOD PEOPLE CO LTD,1.10111E+12,GOOD PEOPLE CO LTD_ALL,1.10111E+15,KOSDAQ,KR7033340001,80250557,CARD H,0,2019-01-01,2023-06-30
255010,Distributors,25501010,Distributors,DAOU DATA CORP,1.10111E+12,DAOU DATA CORP_ALL,1.10111E+15,KOSDAQ,KR7032190001,189930197,CARD H,0.9948,2019-01-01,2023-06-30
253020,Diversified Consumer Services,25302010,Education Services,YBM NET INC,1.10111E+12,YBM NET INC_ALL,1.10111E+15,KOSDAQ,KR7057030009,62562530,CARD H,0,2019-01-01,2023-06-30
253020,Diversified Consumer Services,25203030,Education Services,CREVERSE INC,1.10111E+12,CREVERSE INC_ALL,1.10111E+15,KOSDAQ,KR7096240007,190615289,CARD H,0,2019-01-01,2023-06-30
255030,Multiline Retail,25503010,Department Stores,SAVEZONE I&C CORP,1.10111E+12,SAVEZONE I&C CORP_ALL,1.10111E+15,KOSPI,KR7067830000,119350275,CARD H,0.9998,2019-01-01,2023-06-30
252030,"Textiles, Apparel & Luxury Goods",25203010,"Apparel, Accessories & Luxury Goods",HYUNGJI ELITE INC,1.10111E+12,HYUNGJI ELITE INC_ALL,1.10111E+15,KOSPI,KR7093240000,53613584,CARD H,0,2019-01-01,2023-06-30
253010,"Hotels, Restaurants & Leisure",25301020,"Hotels, Resorts & Cruise Lines",YELLOW BALLOON TOUR CO LTD,1.10111E+12,YELLOW BALLOON TOUR CO LTD_ALL,1.10111E+15,KOSDAQ,KR7104620000,20985286,CARD H,1,2019-01-01,2023-06-30
202020,Professional Services,20202030,Data Processing & Outsourced Services (Sector Chan,E-CREDIBLE CO LTD,1.10111E+12,E-CREDIBLE CO LTD_ALL,1.10111E+15,KOSDAQ,KR7092130004,45510621,CARD H,0,2019-01-01,2023-06-30
255040,Specialty Retail,25504040,Specialty Stores,HYUNDAI HOME SHOPPING NETWORK CORPORATION,1.10111E+12,HYUNDAI HOME SHOPPING NETWORK CORPORATION_ALL,1.10111E+15,KOSPI,KR7057050007,1101635299,CARD H,0.9988,2019-01-01,2023-06-30
351010,Health Care Equipment & Supplies,35101020,Health Care Supplies,PHARMARESEARCH CO LTD,1.10111E+12,PHARMARESEARCH CO LTD_ALL,1.10111E+15,KOSDAQ GLOBAL,KR7214450009,174737653,CARD H,0,2019-01-01,2023-06-30
451020,IT Services,45102020,Data Processing & Outsourced Services,HECTO FINANCIAL CO LTD,1.10111E+12,HECTO FINANCIAL CO LTD_ALL,1.10111E+15,KOSDAQ,KR7234340008,121638498,CARD H,0.5897,2019-01-01,2023-06-30
502010,Media,50201040,Publishing,MEGASTUDYCO LTD,1.10111E+12,MEGASTUDYCO LTD_ALL,1.10111E+15,KOSDAQ,KR7072870009,55261686,CARD H,0,2019-01-01,2023-06-30
202020,Professional Services,20202030,Data Processing & Outsourced Services (Sector Chan,FNGUIDE INC,1.10111E+12,FNGUIDE INC_ALL,1.10111E+15,KOSDAQ,KR7064850001,28422918,CARD H,0,2019-01-01,2023-06-30
352020,Pharmaceuticals,35202010,Pharmaceuticals,MEDIPOSTCO LTD,1.10111E+12,MEDIPOSTCO LTD_ALL,1.10111E+15,KOSDAQ,KR7078160009,61393787,CARD H,0,2019-01-01,2023-06-30
352010,Biotechnology,35201010,Biotechnology,EYEGENE INC,1.10111E+12,EYEGENE INC_ALL,1.10111E+15,KOSDAQ,KR7185490000,5306774,CARD H,0,2019-01-01,2023-06-30
202020,Professional Services,20202030,Data Processing & Outsourced Services,SCI INFORMATION SERVICE INC,1.10111E+12,SCI INFORMATION SERVICE INC_ALL,1.10111E+15,KOSDAQ,KR7036120004,38347973,CARD H,0,2019-01-01,2023-06-30
202020,Professional Services,20202010,Human Resource & Employment Services,MULTICAMPUS CORPORATION,1.10111E+12,MULTICAMPUS CORPORATION_ALL,1.10111E+15,KOSDAQ,KR7067280008,340864653,CARD H,0,2019-01-01,2023-06-30
402010,Diversified Financial Services,40201020,Other Diversified Financial Services,KGMOBILIANS CO LTD,1.10111E+12,KGMOBILIANS CO LTD_ALL,1.10111E+15,KOSDAQ,KR7046440004,225040614,CARD H,0.9894,2019-01-01,2023-06-30
253020,Diversified Consumer Services,25302010,Education Services,DIGITAL DAESUNG CO LTD,1.10111E+12,DIGITAL DAESUNG CO LTD_ALL,1.10111E+15,KOSDAQ,KR7068930007,188128734,CARD H,0,2019-01-01,2023-06-30
151010,Chemicals,15101020,Diversified Chemicals,IWEDDINGNETWORKS,1.10111E+12,IWEDDINGNETWORKS_ALL,1.10111E+15,KOSDAQ,KR7114840002,85335169,CARD H,0,2019-01-01,2023-06-30
202010,Commercial Services & Supplies,20201070,Diversified Support Services,NICE TOTAL CASH MANAGEMENT CO LTD,1.10111E+12,NICE TOTAL CASH MANAGEMENT CO LTD_ALL,1.10111E+15,KOSDAQ,KR7063570006,259435472,CARD H,0,2019-01-01,2023-06-30
151010,Chemicals,15101020,Diversified Chemicals,UBION CO LTD,1.10111E+12,UBION CO LTD_ALL,1.10111E+15,KOSDAQ,KR7084440007,31461108,CARD H,0,2019-01-01,2023-06-30
303020,Personal Products,30302010,Personal Products,ABLE C&C,1.10111E+12,ABLE C&C_ALL,1.10111E+15,KOSPI,KR7078520004,191998894,CARD H,0,2019-01-01,2023-06-30
252030,"Textiles, Apparel & Luxury Goods",25203010,"Apparel, Accessories & Luxury Goods",GRITEE INC,1.10111E+12,GRITEE INC_ALL,1.10111E+15,KOSDAQ,KR7204020002,139574005,CARD H,0,2019-01-01,2023-06-30
502030,Interactive Media & Services,50203010,Interactive Media & Services,NAVER CORPORATION,1.10111E+12,NAVER CORPORATION_ALL,1.10111E+15,KOSPI,KR7035420009,5512586322,CARD H,0,2019-01-01,2023-06-30
255040,Specialty Retail,25504040,Specialty Stores,YES24CO LTD,1.10111E+12,YES24CO LTD_ALL,1.10111E+15,KOSDAQ,KR7053280004,646765218,CARD H,0,2019-01-01,2023-06-30
502020,Entertainment,50202010,Movies & Entertainment,CJ CGV CO LTD,1.10111E+12,CJ CGV CO LTD_ALL,1.10111E+15,KOSPI,KR7079160008,706612535,CARD H,0,2019-01-01,2023-06-30
451030,Software,45103020,Systems Software,KOREA ELECTRONIC CERTIFICATION AUTHORITY,1.10111E+12,KOREA ELECTRONIC CERTIFICATION AUTHORITY_ALL,1.10111E+15,KOSDAQ,KR7041460007,36432572,CARD H,0,2019-01-01,2023-06-30
403010,Insurance,40301040,Property & Casualty Insurance,HYUNDAIMARINE&FIREINSURANCECO LTD,1.10111E+12,HYUNDAIMARINE&FIREINSURANCECO LTD_ALL,1.10111E+15,KOSPI,KR7001450006,20154031472,CARD H,0,2019-01-01,2023-06-30
151050,Paper & Forest Products,15105020,Paper Products,MONALISA CO LTD,1.10111E+12,MONALISA CO LTD_ALL,1.10111E+15,KOSPI,KR7012690004,120870094,CARD H,0,2019-01-01,2023-06-30
203040,Road & Rail,20304020,Trucking,YOOSUNG T&S CO LTD,1.10111E+12,YOOSUNG T&S CO LTD_ALL,1.10111E+15,KOSDAQ,KR7024800005,200822021,CARD H,0,2019-01-01,2023-06-30
255010,Distributors,25501010,Distributors,THE WILLBES & CO LTD,1.10111E+12,THE WILLBES & CO LTD_ALL,1.10111E+15,KOSPI,KR7008600009,188668005,CARD H,0,2019-01-01,2023-06-30
601010,Equity Real Estate Investment Trusts (REITs),60101030,Hotel & Resort REITs ,HOTEL SHILLA CO LTD,1.10111E+12,HOTEL SHILLA CO LTD_ALL,1.10111E+15,KOSPI,KR7008770000,4265984365,CARD H,0.0019,2019-01-01,2023-06-30
253010,"Hotels, Restaurants & Leisure",25301020,"Hotels, Resorts & Cruise Lines",LOTTE TOUR DEVELOPMENT CO LTD,1.10111E+12,LOTTE TOUR DEVELOPMENT CO LTD_ALL,1.10111E+15,KOSPI,KR7032350001,159119881,CARD H,0.0038,2019-01-01,2023-06-30
203020,Airlines,20302010,Airlines,KOREAN AIR LINES CO LTD,1.10111E+12,KOREAN AIR LINES CO LTD_ALL,1.10111E+15,KOSPI,KR7003490000,13412724921,CARD H,0,2019-01-01,2023-06-30
403010,Insurance,40301040,Property & Casualty Insurance,DB INSURANCE CO LTD,1.10111E+12,DB INSURANCE CO LTD_ALL,1.10111E+15,KOSPI,KR7005830005,19932530248,CARD H,0,2019-01-01,2023-06-30
302020,Food Products,30202010,Agricultural Products,SPC SAMLIP CO LTD,1.10111E+12,SPC SAMLIP CO LTD_ALL,1.10111E+15,KOSPI,KR7005610001,1624277379,CARD H,0,2019-01-01,2023-06-30
251020,Automobiles,25102010,Automobile Manufacturers,HYUNDAI MOTOR CO,1.10111E+12,HYUNDAI MOTOR CO_ALL,1.10111E+15,KOSPI,KR7005380001,65308350000,CARD H,0,2019-01-01,2023-06-30
255010,Distributors,25501010,Distributors,SHINHUNG CO LTD,1.10111E+12,SHINHUNG CO LTD_ALL,1.10111E+15,KOSPI,KR7004080008,117958170,CARD H,0,2019-01-01,2023-06-30
352020,Pharmaceuticals,35202010,Pharmaceuticals,YUNGJIN PHARM CO LTD,1.10111E+12,YUNGJIN PHARM CO LTD_ALL,1.10111E+15,KOSPI,KR7003520004,218380987,CARD H,0,2019-01-01,2023-06-30
251020,Automobiles,25102010,Automobile Manufacturers,KIA MOTORS CORPORATION,1.10111E+12,KIA MOTORS CORPORATION_ALL,1.10111E+15,KOSPI,KR7000270009,46409721000,CARD H,0,2019-01-01,2023-06-30
151010,Chemicals,15101010,Commodity Chemicals,ILYA CO LTD,1.10111E+12,ILYA CO LTD_ALL,1.10111E+15,KOSDAQ,KR7058450008,10255277,CARD H,0,2019-01-01,2023-06-30
251010,Auto Components,25101010,Auto Parts & Equipment,KG MOBILITY CORP,1.10111E+12,KG MOBILITY CORP_ALL,1.10111E+15,KOSPI,KR7003620002,3423547321,CARD H,0,2019-01-01,2023-06-30
255030,Multiline Retail,25503010,Department Stores,SHINSEGAE INC,1.10111E+12,SHINSEGAE INC_ALL,1.10111E+15,KOSPI,KR7004170007,1865707316,CARD H,0.8795,2019-01-01,2023-06-30
403010,Insurance,40301040,Property & Casualty Insurance,HEUNGKUK FIRE & MARINE INSURANCE CO LTD,1.10111E+12,HEUNGKUK FIRE & MARINE INSURANCE CO LTD_ALL,1.10111E+15,KOSPI,KR7000540005,4528860000,CARD H,0,2019-01-01,2023-06-30
255040,Specialty Retail,25504040,Specialty Stores,THE CENTURY CO LTD,1.10111E+12,THE CENTURY CO LTD_ALL,1.10111E+15,KOSPI,KR7002420008,33710303,CARD H,0,2019-01-01,2023-06-30
403010,Insurance,40301040,Property & Casualty Insurance,MERITZ FIRE & MARINE INSURANCE CO LTD,1.10111E+12,MERITZ FIRE & MARINE INSURANCE CO LTD_ALL,1.10111E+15,KOSPI,KR7000060004,12764758938,CARD H,0,2019-01-01,2023-06-30
252030,"Textiles, Apparel & Luxury Goods",25203030,Textiles,KYUNGBANG LTD,1.10111E+12,KYUNGBANG LTD_ALL,1.10111E+15,KOSPI,KR7000050005,269780478,CARD H,0.7428,2019-01-01,2023-06-30
403010,Insurance,40301040,Property & Casualty Insurance,HANWHA GENERAL INSURANCE CO LTD,1.10111E+12,HANWHA GENERAL INSURANCE CO LTD_ALL,1.10111E+15,KOSPI,KR7000370007,8244340307,CARD H,0,2019-01-01,2023-06-30
252030,"Textiles, Apparel & Luxury Goods",25203010,"Apparel, Accessories & Luxury Goods",BYC CO LTD,1.10111E+12,BYC CO LTD_ALL,1.10111E+15,KOSPI,KR7001460005,168169259,CARD H,0,2019-01-01,2023-06-30
403010,Insurance,40301040,Property & Casualty Insurance,SAMSUNG FIRE & MARINE INSURANCE CO LTD,1.10111E+12,SAMSUNG FIRE & MARINE INSURANCE CO LTD_ALL,1.10111E+15,KOSPI,KR7000810002,25210977367,CARD H,0,2019-01-01,2023-06-30
255010,Distributors,25501010,Distributors,JOONG ANG ENERVIS CO LTD,1.10111E+12,JOONG ANG ENERVIS CO LTD_ALL,1.10111E+15,KOSDAQ,KR7000440008,71603522,CARD H,0,2019-01-01,2023-06-30
255010,Distributors,25501010,Distributors,SHINSUNG TONGSANG CO LTD,1.10111E+12,SHINSUNG TONGSANG CO LTD_ALL,1.10111E+15,KOSPI,KR7005390000,1463883744,CARD H,0,2019-01-01,2023-06-30
255030,Multiline Retail,25503010,Department Stores,LOTTE SHOPPING CO LTD,1.10111E+12,LOTTE SHOPPING CO LTD_ALL,1.10111E+15,KOSPI,KR7023530009,8814417015,CARD H,0.4319,2019-01-01,2023-06-30
402030,Capital Markets,40203040,Financial Exchanges & Data,NICE INFORMATION SERVICE CO LTD,1.10111E+12,NICE INFORMATION SERVICE CO LTD_ALL,1.10111E+15,KOSDAQ GLOBAL,KR7030190003,415023682,CARD H,0,2019-01-01,2023-06-30
255010,Distributors,25501010,Distributors,KT ALPHA CO LTD,1.10111E+12,KT ALPHA CO LTD_ALL,1.10111E+15,KOSDAQ,KR7036030005,469573684,CARD H,0,2019-01-01,2023-06-30
502030,Interactive Media & Services,50203010,Interactive Media & Services,DRAGONFLY GF CO LTD,1.10111E+12,DRAGONFLY GF CO LTD_ALL,1.10111E+15,KOSDAQ,KR7030350003,3680144,CARD H,0,2019-01-01,2023-06-30
253020,Diversified Consumer Services,25302020,Specialized Consumer Services,COWAY CO LTD,1.10111E+12,COWAY CO LTD_ALL,1.10111E+15,KOSPI,KR7021240007,2813488928,CARD H,0,2019-01-01,2023-06-30
253010,"Hotels, Restaurants & Leisure",25301020,"Hotels, Resorts & Cruise Lines",MODETOURNETWORKINC,1.10111E+12,MODETOURNETWORKINC_ALL,1.10111E+15,KOSDAQ,KR7080160005,32637015,CARD H,1,2019-01-01,2023-06-30
303020,Personal Products,30302010,Personal Products,COREANA COSMETICS CO LTD,1.10111E+12,COREANA COSMETICS CO LTD_ALL,1.10111E+15,KOSDAQ,KR7027050004,64394766,CARD H,0,2019-01-01,2023-06-30
203040,Road & Rail,20304020,Trucking,SK RENT A CAR CO LTD,1.10111E+12,SK RENT A CAR CO LTD_ALL,1.10111E+15,KOSPI,KR7068400001,1247543929,CARD H,0,2019-01-01,2023-06-30
203020,Airlines,20302010,Airlines,ASIANA AIRLINES INC,1.10111E+12,ASIANA AIRLINES INC_ALL,1.10111E+15,KOSPI,KR7020560009,5630017478,CARD H,0,2019-01-01,2023-06-30
255040,Specialty Retail,25504020,Computer & Electronics Retail,LOTTE HIMART CO LTD,1.10111E+12,LOTTE HIMART CO LTD_ALL,1.10111E+15,KOSPI,KR7071840003,3336820851,CARD H,0,2019-01-01,2023-06-30
252030,"Textiles, Apparel & Luxury Goods",25203010,"Apparel, Accessories & Luxury Goods",HANDSOME CORPORATION,1.10111E+12,HANDSOME CORPORATION_ALL,1.10111E+15,KOSPI,KR7020000006,1537082442,CARD H,0,2019-01-01,2023-06-30
253020,Diversified Consumer Services,25302010,Education Services,DAEKYO CO LTD,1.10111E+12,DAEKYO CO LTD_ALL,1.10111E+15,KOSPI,KR7019680008,589098718,CARD H,0,2019-01-01,2023-06-30
501010,Diversified Telecommunication Services,50101020,Integrated Telecommunication Services,KOREAINFORMATION&COMMUNICATION,1.10111E+12,KOREAINFORMATION&COMMUNICATION_ALL,1.10111E+15,KOSDAQ,KR7025770009,590758980,CARD H,0.8598,2019-01-01,2023-06-30
451020,IT Services,45102030,Internet Services & Infrastructure,DAOU TECHNOLOGY INC,1.10111E+12,DAOU TECHNOLOGY INC_ALL,1.10111E+15,KOSPI,KR7023590003,301413316,CARD H,0,2019-01-01,2023-06-30
451030,Software,45103020,Systems Software,CONNECTWAVE CO LTD,1.10111E+12,CONNECTWAVE CO LTD_ALL,1.10111E+15,KOSDAQ,KR7119860005,75484065,CARD H,0,2019-01-01,2023-06-30
302020,Food Products,30202030,Packaged Foods & Meats,PULMUONE CORPORATE,1.10111E+12,PULMUONE CORPORATE_ALL,1.10111E+15,KOSPI,KR7017810003,123375352,CARD H,0,2019-01-01,2023-06-30
501020,Wireless Telecommunication Services,50102010,Wireless Telecommunication Services,SK TELECOM CO LTD,1.10111E+12,SK TELECOM CO LTD_ALL,1.10111E+15,KOSPI,KR7017670001,12414588000,CARD H,0,2019-01-01,2023-06-30
551030,Multi-Utilities,55103010,Multi-Utilities,SEOUL CITY GAS CO LTD,1.10111E+12,SEOUL CITY GAS CO LTD_ALL,1.10111E+15,KOSPI,KR7017390006,1716610303,CARD H,0,2019-01-01,2023-06-30
301010,Food & Staples Retailing,30101020,Food Distributors,BYON CO LTD,1.10111E+12,BYON CO LTD_ALL,1.10111E+15,KOSDAQ,KR7032980005,11399104,CARD H,0,2019-01-01,2023-06-30
352020,Pharmaceuticals,35202010,Pharmaceuticals,WHANIN PHARM CO LTD,1.10111E+12,WHANIN PHARM CO LTD_ALL,1.10111E+15,KOSPI,KR7016580003,194258420,CARD H,0,2019-01-01,2023-06-30
253010,"Hotels, Restaurants & Leisure",25301040,Restaurants,SHINSEGAE FOOD INC,1.10111E+12,SHINSEGAE FOOD INC_ALL,1.10111E+15,KOSPI,KR7031440001,1404343641,CARD H,0,2019-01-01,2023-06-30
151020,Construction Materials,15102010,Construction Materials,TAEKYUNG BK CO LTD,1.10111E+12,TAEKYUNG BK CO LTD_ALL,1.10111E+15,KOSPI,KR7014580005,285439614,CARD H,0,2019-01-01,2023-06-30
255040,Specialty Retail,25504010,Apparel Retail,SHINSEGAE INTERNATIONAL INC,1.10111E+12,SHINSEGAE INTERNATIONAL INC_ALL,1.10111E+15,KOSPI,KR7031430002,1430631262,CARD H,0.037,2019-01-01,2023-06-30
253010,"Hotels, Restaurants & Leisure",25301020,"Hotels, Resorts & Cruise Lines",SEOBU T&D CO LTD,1.10111E+12,SEOBU T&D CO LTD_ALL,1.10111E+15,KOSDAQ,KR7006730006,128985506,CARD H,0,2019-01-01,2023-06-30
255030,Multiline Retail,25503010,Department Stores,VENUEG CO LTD,1.10111E+12,VENUEG CO LTD_ALL,1.10111E+15,KOSDAQ,KR7019010008,36567431,CARD H,0.9229,2019-01-01,2023-06-30
352020,Pharmaceuticals,35202010,Pharmaceuticals,JIN YANG PHARMACEUTICAL CO LTD,1.10111E+12,JIN YANG PHARMACEUTICAL CO LTD_ALL,1.10111E+15,KOSDAQ,KR7007370000,76264203,CARD H,0,2019-01-01,2023-06-30
255010,Distributors,25501010,Distributors,BTONE CO LTD,1.31311E+12,BTONE CO LTD_ALL,1.31311E+15,KOSPI,KR7101140002,11403731,CARD H,0,2019-01-01,2023-06-30
253010,"Hotels, Restaurants & Leisure",25301020,"Hotels, Resorts & Cruise Lines",YONG PYONG RESORT CORPORATION,1.45011E+12,YONG PYONG RESORT CORPORATION_ALL,1.45011E+15,KOSPI,KR7070960000,143188366,CARD H,0,2019-01-01,2023-06-30
252030,"Textiles, Apparel & Luxury Goods",25203030,Textiles,G&E HEALTHCARE CO LTD,1.35711E+12,G&E HEALTHCARE CO LTD_ALL,1.35711E+15,KONEX,KR7299480004,3784212,CARD H,0,2019-01-01,2023-06-30
255040,Specialty Retail,25504010,Apparel Retail,MODA-INNOCHIPS CO LTD,1.35511E+12,MODA-INNOCHIPS CO LTD_ALL,1.35511E+15,KOSDAQ,KR7080420003,152376149,CARD H,0.5342,2019-01-01,2023-06-30
252030,"Textiles, Apparel & Luxury Goods",25203030,Textiles,KOLON INDUSTRIES INC,1.35311E+12,KOLON INDUSTRIES INC_ALL,1.35311E+15,KOSPI,KR7120110002,3846857214,CARD H,0,2019-01-01,2023-06-30
255040,Specialty Retail,25504050,Automotive Retail,AUTON,1.35211E+12,AUTON_ALL,1.35211E+15,KOSDAQ,KR7353590003,47596459,CARD H,0,2019-01-01,2023-06-30
251010,Auto Components,25101010,Auto Parts & Equipment,DPECO CO LTD,1.35011E+12,DPECO CO LTD_ALL,1.35011E+15,KONEX,KR7163430002,12695389,CARD H,0,2019-01-01,2023-06-30
352020,Pharmaceuticals,35202010,Pharmaceuticals,CELLTRION INC,1.35011E+12,CELLTRION INC_ALL,1.35011E+15,KOSPI,KR7068270008,1937469297,CARD H,0,2019-01-01,2023-06-30
151010,Chemicals,15101010,Commodity Chemicals,TAEKYUNG INDUSTRIAL CO LTD,1.34811E+12,TAEKYUNG INDUSTRIAL CO LTD_ALL,1.34811E+15,KOSPI,KR7015890007,157798814,CARD H,0,2019-01-01,2023-06-30
351010,Health Care Equipment & Supplies,35101010,Health Care Equipment,SOLCO BIOMEDICAL CO LTD,1.34711E+12,SOLCO BIOMEDICAL CO LTD_ALL,1.34711E+15,KOSDAQ,KR7043100007,14775213,CARD H,0,2019-01-01,2023-06-30
352020,Pharmaceuticals,35202010,Pharmaceuticals,CHABIOTECH CO LTD,1.34511E+12,CHABIOTECH CO LTD_ALL,1.34511E+15,KOSDAQ,KR7085660009,42325924,CARD H,0,2019-01-01,2023-06-30
252010,Household Durables,25201020,Home Furnishings,HYUNDAI LIVART FURNITURE COMPANY LIMITED,1.34511E+12,HYUNDAI LIVART FURNITURE COMPANY LIMITED_ALL,1.34511E+15,KOSPI,KR7079430005,1463233247,CARD H,0,2019-01-01,2023-06-30
255010,Distributors,25501010,Distributors,HANSSEM CO LTD,1.34111E+12,HANSSEM CO LTD_ALL,1.34111E+15,KOSPI,KR7009240003,1539819827,CARD H,0,2019-01-01,2023-06-30
302030,Tobacco,30203010,Tobacco,KT&G CORPORATION,1.60111E+12,KT&G CORPORATION_ALL,1.60111E+15,KOSPI,KR7033780008,3694358039,CARD H,0,2019-01-01,2023-06-30
402030,Capital Markets,40203010,Asset Management & Custody Banks,KAKAOPAY CORP,1.31111E+12,KAKAOPAY CORP_ALL,1.31111E+15,KOSPI,KR7377300009,482768977,CARD H,0.8757,2019-01-01,2023-06-30
452010,Communications Equipment,45201020,Communications Equipment,ATEC T& CO LTD,1.31111E+12,ATEC T& CO LTD_ALL,1.31111E+15,KOSDAQ,KR7224110007,28845444,CARD H,1,2019-01-01,2023-06-30
502030,Interactive Media & Services,50203010,Interactive Media & Services,NHN CORPORATION,1.31111E+12,NHN CORPORATION_ALL,1.31111E+15,KOSPI,KR7181710005,311627307,CARD H,0,2019-01-01,2023-06-30
352020,Pharmaceuticals,35202010,Pharmaceuticals,L&C BIO CO LTD,1.31111E+12,L&C BIO CO LTD_ALL,1.31111E+15,KOSDAQ,KR7290650001,41742926,CARD H,0,2019-01-01,2023-06-30
201060,Machinery,20106020,Industrial Machinery,SEMISYSCO CO LTD,1.30111E+12,SEMISYSCO CO LTD_ALL,1.30111E+15,KOSDAQ,KR7136510005,11700289,CARD H,0,2019-01-01,2023-06-30
253010,"Hotels, Restaurants & Leisure",25301020,"Hotels, Resorts & Cruise Lines",ANANTI INC,1.30111E+12,ANANTI INC_ALL,1.30111E+15,KOSDAQ,KR7025980004,161555881,CARD H,0,2019-01-01,2023-06-30
253010,"Hotels, Restaurants & Leisure",25301030,Leisure Facilities,GALAXIA SM INC,1.30111E+12,GALAXIA SM INC_ALL,1.30111E+15,KOSPI,KR7011420007,30093883,CARD H,0,2019-01-01,2023-06-30
255010,Distributors,25501010,Distributors,KOREAFURNITURE,1.24411E+12,KOREAFURNITURE_ALL,1.24411E+15,KOSDAQ,KR7004590006,19721633,CARD H,0,2019-01-01,2023-06-30
253020,Diversified Consumer Services,25302010,Education Services,JLS CO LTD,1.24311E+12,JLS CO LTD_ALL,1.24311E+15,KOSDAQ,KR7040420002,109997334,CARD H,0,2019-01-01,2023-06-30
602010,Real Estate Management & Development,60201030,Real Estate Development,E-STARCO CO LTD,1.24311E+12,E-STARCO CO LTD_ALL,1.24311E+15,KOSPI,KR7015020001,7626732,CARD H,0,2019-01-01,2023-06-30
352020,Pharmaceuticals,35202010,Pharmaceuticals,HYUNDAI PHARMACEUTICAL CO LTD,1.24311E+12,HYUNDAI PHARMACEUTICAL CO LTD_ALL,1.24311E+15,KOSPI,KR7004310009,162690046,CARD H,0,2019-01-01,2023-06-30
151040,Metals & Mining,15104050,Steel,KISCO CORP,1.94211E+12,KISCO CORP_ALL,1.94211E+15,KOSPI,KR7104700000,1064176509,CARD H,0,2019-01-01,2023-06-30
253020,Diversified Consumer Services,25302010,Education Services,WOONGJIN THINKBIG CO LTD,2.84911E+12,WOONGJIN THINKBIG CO LTD_ALL,2.84911E+15,KOSPI,KR7095720009,731149922,CARD H,0,2019-01-01,2023-06-30
255040,Specialty Retail,25504010,Apparel Retail,09WOMEN,2.80111E+12,09WOMEN_ALL,2.80111E+15,KOSDAQ,KR7366030005,58686880,CARD H,0,2019-01-01,2023-06-30
202010,Commercial Services & Supplies,20201070,Diversified Support Services,SOCAR INC,2.20111E+12,SOCAR INC_ALL,2.20111E+15,KOSPI,KR7403550007,375330069,CARD H,0,2019-01-01,2023-06-30
203020,Airlines,20302010,Airlines,JEJUAIR CO LTD,2.20111E+12,JEJUAIR CO LTD_ALL,2.20111E+15,KOSPI,KR7089590004,695615699,CARD H,0,2019-01-01,2023-06-30
202010,Commercial Services & Supplies,20201050,Environmental & Facilities Services,Y-ENTECCO LTD,2.06211E+12,Y-ENTECCO LTD_ALL,2.06211E+15,KOSDAQ,KR7067900001,76706737,CARD H,0,2019-01-01,2023-06-30
203040,Road & Rail,20304020,Trucking,WINIA AID CO LTD,2.00111E+12,WINIA AID CO LTD_ALL,2.00111E+15,KOSDAQ,KR7377460001,438843100,CARD H,0,2019-01-01,2023-06-30
451030,Software,45103020,Systems Software,CELLGENTEK CO LTD,2.00111E+12,CELLGENTEK CO LTD_ALL,2.00111E+15,KONEX,KR7258250000,21126450,CARD H,0,2019-01-01,2023-06-30
255030,Multiline Retail,25503010,Department Stores,GWANGJUSHINSEGAE CO LTD,2.00111E+12,GWANGJUSHINSEGAE CO LTD_ALL,2.00111E+15,KOSPI,KR7037710001,184873955,CARD H,0.8842,2019-01-01,2023-06-30
253010,"Hotels, Restaurants & Leisure",25301030,Leisure Facilities,NAMHWA INDUSTRIAL CO LTD,2.00111E+12,NAMHWA INDUSTRIAL CO LTD_ALL,2.00111E+15,KOSDAQ,KR7111710000,30435803,CARD H,0,2019-01-01,2023-06-30
352020,Pharmaceuticals,35202010,Pharmaceuticals,CHOA PHARMACEUTICAL CO LTD,1.94311E+12,CHOA PHARMACEUTICAL CO LTD_ALL,1.94311E+15,KOSDAQ,KR7034940007,67594612,CARD H,0,2019-01-01,2023-06-30
502010,Media,50201040,Publishing,SAMSUNG PUBLISHING CO LTD,1.10111E+12,SAMSUNG PUBLISHING CO LTD_ALL,1.10111E+15,KOSPI,KR7068290006,51665697,CARD H,0,2019-01-01,2023-06-30
402010,Diversified Financial Services,40201030,Multi-Sector Holdings,KYUNGDONG INVEST CO LTD,1.81211E+12,KYUNGDONG INVEST CO LTD_ALL,1.81211E+15,KOSPI,KR7012320008,11483708,CARD H,0,2019-01-01,2023-06-30
203030,Marine,20303010,Marine,KOREA SHIPBUILDING & OFFSHORE ENGINEERING CO LTD,1.81211E+12,KOREA SHIPBUILDING & OFFSHORE ENGINEERING CO LTD_ALL,1.81211E+15,KOSPI,KR7009540006,180500471,CARD H,0,2019-01-01,2023-06-30
203020,Airlines,20302010,Airlines,AIR BUSAN CO LTD,1.80111E+12,AIR BUSAN CO LTD_ALL,1.80111E+15,KOSPI,KR7298690009,404992920,CARD H,0,2019-01-01,2023-06-30
255010,Distributors,25501010,Distributors,DAEMYUNG SONOSEASON CO LTD,1.80111E+12,DAEMYUNG SONOSEASON CO LTD_ALL,1.80111E+15,KOSDAQ,KR7007720006,165769203,CARD H,0,2019-01-01,2023-06-30
352020,Pharmaceuticals,35202010,Pharmaceuticals,KOREA PHARMA CO LTD,1.80111E+12,KOREA PHARMA CO LTD_ALL,1.80111E+15,KOSDAQ,KR7032300006,81029421,CARD H,0,2019-01-01,2023-06-30
151040,Metals & Mining,15104050,Steel,KWANGJININD,1.80111E+12,KWANGJININD_ALL,1.80111E+15,KOSDAQ,KR7026910000,58059455,CARD H,0,2019-01-01,2023-06-30
252030,"Textiles, Apparel & Luxury Goods",25203010,"Apparel, Accessories & Luxury Goods",E-WORLD CO LTD,1.70111E+12,E-WORLD CO LTD_ALL,1.70111E+15,KOSPI,KR7084680008,126461963,CARD H,0,2019-01-01,2023-06-30
151010,Chemicals,15101020,Diversified Chemicals,JEONJINBIO CO LTD,1.70111E+12,JEONJINBIO CO LTD_ALL,1.70111E+15,KOSDAQ,KR7110020005,7794176,CARD H,0,2019-01-01,2023-06-30
255030,Multiline Retail,25503010,Department Stores,DAEGU DEPARTMENT STORE CO LTD,1.70111E+12,DAEGU DEPARTMENT STORE CO LTD_ALL,1.70111E+15,KOSPI,KR7006370001,70060517,CARD H,0.973,2019-01-01,2023-06-30
255010,Distributors,25501010,Distributors,HEUNGUOIL,1.70111E+12,HEUNGUOIL_ALL,1.70111E+15,KOSDAQ,KR7024060006,146717690,CARD H,0,2019-01-01,2023-06-30
502020,Entertainment,50202020,Interactive Home Entertainment,GOLFZON CO LTD,1.60111E+12,GOLFZON CO LTD_ALL,1.60111E+15,KOSDAQ GLOBAL,KR7215000001,566684211,CARD H,0,2019-01-01,2023-06-30
252030,"Textiles, Apparel & Luxury Goods",25203010,"Apparel, Accessories & Luxury Goods",LF CORP,1.10111E+12,LF CORP_ALL,1.10111E+15,KOSPI,KR7093050003,1271908968,CARD H,0,2019-01-01,2023-06-30
255040,Specialty Retail,25504040,Specialty Stores,FOODNAMOO INC,1.10112E+12,FOODNAMOO INC_ALL,1.10112E+15,KOSDAQ,KR7290720002,185189714,CARD H,0,2019-01-01,2023-06-30
352010,Biotechnology,35201010,Biotechnology,MEDIZEN HUMANCARE INC CO LTD,1.10111E+12,MEDIZEN HUMANCARE INC CO LTD_ALL,1.10111E+15,KONEX,KR7236340006,3949759,CARD H,0,2019-01-01,2023-06-30
201040,Electrical Equipment,20104020,Heavy Electrical Equipment,DESIGN CO LTD,1.10111E+12,DESIGN CO LTD_ALL,1.10111E+15,KOSDAQ,KR7227100005,3155657,CARD H,0,2019-01-01,2023-06-30
351010,Health Care Equipment & Supplies,35101010,Health Care Equipment,AIOBIO CO LTD,1.10111E+12,AIOBIO CO LTD_ALL,1.10111E+15,KONEX,KR7447690009,1191396,CARD H,0,2019-01-01,2023-06-30
255030,Multiline Retail,25503010,Department Stores,E-MART INC,1.10111E+12,E-MART INC_ALL,1.10111E+15,KOSPI,KR7139480008,15486823899,CARD H,0.0022,2019-01-01,2023-06-30
255040,Specialty Retail,25504040,Specialty Stores,DAESUNG INDUSTRIAL CO LTD,1.10111E+12,DAESUNG INDUSTRIAL CO LTD_ALL,1.10111E+15,KOSPI,KR7128820008,881208064,CARD H,0.0531,2019-01-01,2023-06-30
201060,Machinery,20106010,Construction Machinery & Heavy Trucks,ALTON SPORTS CO LTD,1.10111E+12,ALTON SPORTS CO LTD_ALL,1.10111E+15,KOSDAQ,KR7123750002,48398434,CARD H,0,2019-01-01,2023-06-30
252030,"Textiles, Apparel & Luxury Goods",25203010,"Apparel, Accessories & Luxury Goods",BARREL CO LTD,1.10111E+12,BARREL CO LTD_ALL,1.10111E+15,KOSDAQ,KR7267790004,36936333,CARD H,0,2019-01-01,2023-06-30
202020,Professional Services,20202020,Research & Consulting Services,DIOGENE CO LTD,1.10111E+12,DIOGENE CO LTD_ALL,1.10111E+15,N/A,N/A,459329,CARD H,0,2019-01-01,2023-06-30
352010,Biotechnology,35201010,Biotechnology,QURIENT CO LTD,1.10111E+12,QURIENT CO LTD_ALL,1.10111E+15,KOSDAQ,KR7115180002,12182846,CARD H,0,2019-01-01,2023-06-30
451030,Software,45103020,Systems Software,BUSINESSON COMMUNICATION CO LTD,1.10111E+12,BUSINESSON COMMUNICATION CO LTD_ALL,1.10111E+15,KOSDAQ,KR7138580006,20033137,CARD H,0,2019-01-01,2023-06-30
253010,"Hotels, Restaurants & Leisure",25301020,"Hotels, Resorts & Cruise Lines",VERY GOOD TOUR CO LTD,1.10111E+12,VERY GOOD TOUR CO LTD_ALL,1.10111E+15,KOSDAQ,KR7094850005,13636812,CARD H,1,2019-01-01,2023-06-30
203020,Airlines,20302010,Airlines,JIN AIR CO LTD,1.20111E+12,JIN AIR CO LTD_ALL,1.20111E+15,KOSPI,KR7272450008,593428498,CARD H,0,2019-01-01,2023-06-30
303020,Personal Products,30302010,Personal Products,TONYMOLY CO LTD,1.10111E+12,TONYMOLY CO LTD_ALL,1.10111E+15,KOSPI,KR7214420002,91544071,CARD H,0,2019-01-01,2023-06-30
202010,Commercial Services & Supplies,20201070,Diversified Support Services,LOTTE RENTAL CO LTD,1.10111E+12,LOTTE RENTAL CO LTD_ALL,1.10111E+15,KOSPI,KR7089860001,2522065710,CARD H,0,2019-01-01,2023-06-30
502030,Interactive Media & Services,50203010,Interactive Media & Services,SARAMINHR CO LTD,1.10111E+12,SARAMINHR CO LTD_ALL,1.10111E+15,KOSDAQ,KR7143240000,113536192,CARD H,0,2019-01-01,2023-06-30
303020,Personal Products,30302010,Personal Products,INNOGENE CO LTD,1.10111E+12,INNOGENE CO LTD_ALL,1.10111E+15,KONEX,KR7344860002,9139387,CARD H,0,2019-01-01,2023-06-30
253020,Diversified Consumer Services,25302010,Education Services,MEGAMD CO LTD,1.10111E+12,MEGAMD CO LTD_ALL,1.10111E+15,KOSDAQ,KR7133750000,55810758,CARD H,0,2019-01-01,2023-06-30
203020,Airlines,20302010,Airlines,TWAY AIR CO LTD,1.10111E+12,TWAY AIR CO LTD_ALL,1.10111E+15,KOSPI,KR7091810002,525949563,CARD H,0.1126,2019-01-01,2023-06-30
252030,"Textiles, Apparel & Luxury Goods",25203010,"Apparel, Accessories & Luxury Goods",STO CO LTD,1.10111E+12,STO CO LTD_ALL,1.10111E+15,KOSDAQ,KR7098660004,73177690,CARD H,0,2019-01-01,2023-06-30
451030,Software,45103020,Systems Software,HYUNDAI EZWEL CO LTD,1.10111E+12,HYUNDAI EZWEL CO LTD_ALL,1.10111E+15,KOSDAQ,KR7090850009,112460358,CARD H,0,2019-01-01,2023-06-30
451030,Software,45103020,Systems Software,NARASOFT CO LTD,1.10111E+12,NARASOFT CO LTD_ALL,1.10111E+15,KONEX,KR7288490006,1116914,CARD H,0,2019-01-01,2023-06-30
255030,Multiline Retail,25503010,Department Stores,HYUNDAI DEPARTMENT STORE CO LTD,1.10111E+12,HYUNDAI DEPARTMENT STORE CO LTD_ALL,1.10111E+15,KOSPI,KR7069960003,1655713149,CARD H,0.6636,2019-01-01,2023-06-30
202010,Commercial Services & Supplies,20201070,Diversified Support Services,NICE D&B CO LTD,1.10111E+12,NICE D&B CO LTD_ALL,1.10111E+15,KOSDAQ,KR7130580004,63246034,CARD H,0,2019-01-01,2023-06-30
502020,Entertainment,50202010,Movies & Entertainment,CARRIESOFT,1.10112E+12,CARRIESOFT_ALL,1.10112E+15,KOSDAQ,KR7317530004,7837170,CARD H,0,2019-01-01,2023-06-30
352010,Biotechnology,35201010,Biotechnology,EONE DIAGNOMICS GENOME CENTER CO LTD,1.20111E+12,EONE DIAGNOMICS GENOME CENTER CO LTD_ALL,1.20111E+15,KOSDAQ,KR7245620000,63286059,CARD H,0,2019-01-01,2023-06-30
255010,Distributors,25501010,Distributors,SONOKONGCO LTD,1.20111E+12,SONOKONGCO LTD_ALL,1.20111E+15,KOSDAQ,KR7066910001,63434801,CARD H,0,2019-01-01,2023-06-30
451020,IT Services,45102010,IT Consulting & Other Services,SANGSANGIN CO LTD,1.20111E+12,SANGSANGIN CO LTD_ALL,1.20111E+15,KOSDAQ,KR7038540001,67957088,CARD H,0,2019-01-01,2023-06-30
252010,Household Durables,25201020,Home Furnishings,DUOBACK CO LTD,1.20111E+12,DUOBACK CO LTD_ALL,1.20111E+15,KOSDAQ,KR7073190001,31222834,CARD H,0,2019-01-01,2023-06-30
551030,Multi-Utilities,55103010,Multi-Utilities,INCHON CITY GAS,1.20111E+12,INCHON CITY GAS_ALL,1.20111E+15,KOSPI,KR7034590000,728356330,CARD H,0,2019-01-01,2023-06-30
451020,IT Services,45102010,IT Consulting & Other Services,DOUZONE BIZON CO LTD,1.20111E+12,DOUZONE BIZON CO LTD_ALL,1.20111E+15,KOSPI,KR7012510004,297680162,CARD H,0,2019-01-01,2023-06-30
252010,Household Durables,25201040,Household Appliances,SAMICK MUSICAL INSTRUMENTS CO LTD,1.20111E+12,SAMICK MUSICAL INSTRUMENTS CO LTD_ALL,1.20111E+15,KOSPI,KR7002450005,135261634,CARD H,0,2019-01-01,2023-06-30
151040,Metals & Mining,15104050,Steel,HYUNDAI STEEL COMPANY,1.20111E+12,HYUNDAI STEEL COMPANY_ALL,1.20111E+15,KOSPI,KR7004020004,23666889995,CARD H,0,2019-01-01,2023-06-30
551010,Electric Utilities,55101010,Electric Utilities,KOREA ELECTRIC POWER CORPORATION,1.14671E+12,KOREA ELECTRIC POWER CORPORATION_ALL,1.14671E+15,KOSPI,KR7015760002,68951546000,CARD H,0,2019-01-01,2023-06-30
253020,Diversified Consumer Services,25302010,Education Services,IBKIMYOUNG CO LTD,1.10112E+12,IBKIMYOUNG CO LTD_ALL,1.10112E+15,KOSDAQ,KR7339950008,63469408,CARD H,0,2019-01-01,2023-06-30
351010,Health Care Equipment & Supplies,35101010,Health Care Equipment,DAISHIN BALANCE NO 8 SPECIAL PURPOSE ACQUISITION COMPANY,1.10112E+12,DAISHIN BALANCE NO 8 SPECIAL PURPOSE ACQUISITION COMPANY_ALL,1.10112E+15,KOSDAQ,KR7336570007,79876391,CARD H,0,2019-01-01,2023-06-30
451030,Software,45103020,Systems Software,SANDOLL INC,1.10112E+12,SANDOLL INC_ALL,1.10112E+15,KOSDAQ,KR7419120001,17544241,CARD H,0,2019-01-01,2023-06-30
502020,Entertainment,50202010,Movies & Entertainment,MIRAE ASSET DAEWOO SPECIAL PURPOSE ACQUISITION 2 CO LTD,1.10112E+12,MIRAE ASSET DAEWOO SPECIAL PURPOSE ACQUISITION 2 CO LTD_ALL,1.10112E+15,KOSDAQ,KR7310200001,29388609,CARD H,0,2019-01-01,2023-06-30
252010,Household Durables,25201030,Homebuilding,HYUNDAI DEVELOPMENT COMPANY,1.10112E+12,HYUNDAI DEVELOPMENT COMPANY_ALL,1.10112E+15,KOSPI,KR7294870001,3283542070,CARD H,0.0068,2019-01-01,2023-06-30
252030,"Textiles, Apparel & Luxury Goods",25203010,"Apparel, Accessories & Luxury Goods",BRAND X CO LTD,1.10112E+12,BRAND X CO LTD_ALL,1.10112E+15,KOSDAQ,KR7337930002,195308292,CARD H,0,2019-01-01,2023-06-30
302020,Food Products,30202030,Packaged Foods & Meats,INSAN INC,1.10112E+12,INSAN INC_ALL,1.10112E+15,KOSDAQ,KR7277410007,33412428,CARD H,0,2019-01-01,2023-06-30
351010,Health Care Equipment & Supplies,35101010,Health Care Equipment,HANA FINANCIAL NINTH SPECIAL PURPOSE ACQUISITION COMPANY,1.10112E+12,HANA FINANCIAL NINTH SPECIAL PURPOSE ACQUISITION COMPANY_ALL,1.10112E+15,KOSDAQ,KR7261200000,74493583,CARD H,0,2019-01-01,2023-06-30
253020,Diversified Consumer Services,25302020,Specialized Consumer Services,ANTZ CO LTD,1.10112E+12,ANTZ CO LTD_ALL,1.10112E+15,KONEX,KR7267810000,26546745,CARD H,0,2019-01-01,2023-06-30
253020,Diversified Consumer Services,25302010,Education Services,MEGASTUDYEDU CO LTD,1.10112E+12,MEGASTUDYEDU CO LTD_ALL,1.10112E+15,KOSDAQ GLOBAL,KR7215200007,747391148,CARD H,0,2019-01-01,2023-06-30
253010,"Hotels, Restaurants & Leisure",25301040,Restaurants,DIDIM INC,1.10112E+12,DIDIM INC_ALL,1.10112E+15,KOSDAQ,KR7217620004,60863893,CARD H,0,2019-01-01,2023-06-30
351010,Health Care Equipment & Supplies,35101010,Health Care Equipment,CLASSYS INC,1.10112E+12,CLASSYS INC_ALL,1.10112E+15,KOSDAQ GLOBAL,KR7214150005,141442784,CARD H,0,2019-01-01,2023-06-30
255010,Distributors,25501010,Distributors,POWER FULX CO LTD,1.10112E+12,POWER FULX CO LTD_ALL,1.10112E+15,KONEX,KR7266870005,13276519,CARD H,0,2019-01-01,2023-06-30
502010,Media,50201040,Publishing,I-SCREAM EDU CO LTD,1.10112E+12,I-SCREAM EDU CO LTD_ALL,1.10112E+15,KOSDAQ,KR7289010001,133842492,CARD H,0,2019-01-01,2023-06-30
255010,Distributors,25501010,Distributors,DAEMYUNG SONOSEASON CO LTD,1.80111E+12,DAEMYUNG SONOSEASON CO LTD_ALL,1.80111E+15,KOSDAQ,KR7007720006,165769203,CARD L,0,2021-01-01,2023-06-30
203020,Airlines,20302010,Airlines,AIR BUSAN CO LTD,1.80111E+12,AIR BUSAN CO LTD_ALL,1.80111E+15,KOSPI,KR7298690009,404992920,CARD L,0,2021-01-01,2023-06-30
352020,Pharmaceuticals,35202010,Pharmaceuticals,CHOA PHARMACEUTICAL CO LTD,1.94311E+12,CHOA PHARMACEUTICAL CO LTD_ALL,1.94311E+15,KOSDAQ,KR7034940007,67594612,CARD L,0,2021-01-01,2023-06-30
402010,Diversified Financial Services,40201030,Multi-Sector Holdings,KYUNGDONG INVEST CO LTD,1.81211E+12,KYUNGDONG INVEST CO LTD_ALL,1.81211E+15,KOSPI,KR7012320008,11483708,CARD L,0,2021-01-01,2023-06-30
551030,Multi-Utilities,55103010,Multi-Utilities,DAESUNG ENERGY CO LTD,1.70111E+12,DAESUNG ENERGY CO LTD_ALL,1.70111E+15,KOSPI,KR7117580001,1019977255,CARD L,0,2021-01-01,2023-06-30
352020,Pharmaceuticals,35202010,Pharmaceuticals,KOREA PHARMA CO LTD,1.80111E+12,KOREA PHARMA CO LTD_ALL,1.80111E+15,KOSDAQ,KR7032300006,81029421,CARD L,0,2021-01-01,2023-06-30
352020,Pharmaceuticals,35202010,Pharmaceuticals,BINEX CO LTD,1.80111E+12,BINEX CO LTD_ALL,1.80111E+15,KOSDAQ,KR7053030003,156664733,CARD L,0,2021-01-01,2023-06-30
352020,Pharmaceuticals,35202010,Pharmaceuticals,UNION KOREA PHARM CO LTD,1.80111E+12,UNION KOREA PHARM CO LTD_ALL,1.80111E+15,KOSDAQ,KR7080720006,61293490,CARD L,0,2021-01-01,2023-06-30
252030,"Textiles, Apparel & Luxury Goods",25203010,"Apparel, Accessories & Luxury Goods",E-WORLD CO LTD,1.70111E+12,E-WORLD CO LTD_ALL,1.70111E+15,KOSPI,KR7084680008,126461963,CARD L,0,2021-01-01,2023-06-30
255030,Multiline Retail,25503010,Department Stores,GWANGJUSHINSEGAE CO LTD,2.00111E+12,GWANGJUSHINSEGAE CO LTD_ALL,2.00111E+15,KOSPI,KR7037710001,184873955,CARD L,0.76,2021-01-01,2023-06-30
452030,"Electronic Equipment, Instruments & Components",45203015,Electronic Components,UCI CO LTD,2.04311E+12,UCI CO LTD_ALL,2.04311E+15,KOSDAQ,KR7038340006,3226388,CARD L,0,2021-01-01,2023-06-30
203020,Airlines,20302010,Airlines,JEJUAIR CO LTD,2.20111E+12,JEJUAIR CO LTD_ALL,2.20111E+15,KOSPI,KR7089590004,695615699,CARD L,0,2021-01-01,2023-06-30
202010,Commercial Services & Supplies,20201070,Diversified Support Services,SOCAR INC,2.20111E+12,SOCAR INC_ALL,2.20111E+15,KOSPI,KR7403550007,375330069,CARD L,0,2021-01-01,2023-06-30
255040,Specialty Retail,25504010,Apparel Retail,09WOMEN,2.80111E+12,09WOMEN_ALL,2.80111E+15,KOSDAQ,KR7366030005,58686880,CARD L,0,2021-01-01,2023-06-30
253020,Diversified Consumer Services,25302010,Education Services,WOONGJIN THINKBIG CO LTD,2.84911E+12,WOONGJIN THINKBIG CO LTD_ALL,2.84911E+15,KOSPI,KR7095720009,731149922,CARD L,0,2021-01-01,2023-06-30
202010,Commercial Services & Supplies,20201070,Diversified Support Services,KORYO CREDIT INFORMATION CO LTD,1.10111E+12,KORYO CREDIT INFORMATION CO LTD_ALL,1.10111E+15,KOSDAQ,KR7049720006,142982209,CARD L,0,2021-01-01,2023-06-30
255040,Specialty Retail,25504040,Specialty Stores,WIZ CORP INC,1.10111E+12,WIZ CORP INC_ALL,1.10111E+15,KOSDAQ,KR7038620001,41213941,CARD L,0,2021-01-01,2023-06-30
502030,Interactive Media & Services,50203010,Interactive Media & Services,KAKAO CORP,1.10111E+12,KAKAO CORP_ALL,1.10111E+15,KOSPI,KR7035720002,2456590806,CARD L,0,2021-01-01,2023-06-30
202020,Professional Services,20202030,Data Processing & Outsourced Services,NHN KCP CORP,1.10111E+12,NHN KCP CORP_ALL,1.10111E+15,KOSDAQ GLOBAL,KR7060250008,814378964,CARD L,0.98,2021-01-01,2023-06-30
502010,Media,50201020,Broadcasting,CJ ENM CO LTD,1.10111E+12,CJ ENM CO LTD_ALL,1.10111E+15,KOSDAQ GLOBAL,KR7035760008,3010181373,CARD L,0,2021-01-01,2023-06-30
502010,Media,50201040,Publishing,WFM INC,1.10111E+12,WFM INC_ALL,1.10111E+15,KOSDAQ,KR7035290006,9488858,CARD L,0,2021-01-01,2023-06-30
451030,Software,45103020,Systems Software,GALAXIAMONEYTREE CO LTD,1.10111E+12,GALAXIAMONEYTREE CO LTD_ALL,1.10111E+15,KOSDAQ,KR7094480001,110188428,CARD L,0.99,2021-01-01,2023-06-30
502010,Media,50201040,Publishing,NE NEUNGYULE INC,1.10111E+12,NE NEUNGYULE INC_ALL,1.10111E+15,KOSDAQ,KR7053290003,80229931,CARD L,0,2021-01-01,2023-06-30
253010,"Hotels, Restaurants & Leisure",25301020,"Hotels, Resorts & Cruise Lines",HANATOUR SERVICE INC,1.10111E+12,HANATOUR SERVICE INC_ALL,1.10111E+15,KOSPI,KR7039130000,66269096,CARD L,1,2021-01-01,2023-06-30
255010,Distributors,25501010,Distributors,DAOU DATA CORP,1.10111E+12,DAOU DATA CORP_ALL,1.10111E+15,KOSDAQ,KR7032190001,189930197,CARD L,0.98,2021-01-01,2023-06-30
202020,Professional Services,20202030,Data Processing & Outsourced Services,SCI INFORMATION SERVICE INC,1.10111E+12,SCI INFORMATION SERVICE INC_ALL,1.10111E+15,KOSDAQ,KR7036120004,38347973,CARD L,0,2021-01-01,2023-06-30
255010,Distributors,25501010,Distributors,KT ALPHA CO LTD,1.10111E+12,KT ALPHA CO LTD_ALL,1.10111E+15,KOSDAQ,KR7036030005,469573684,CARD L,0,2021-01-01,2023-06-30
502010,Media,50201020,Broadcasting,LG HELLOVISION CORP,1.10111E+12,LG HELLOVISION CORP_ALL,1.10111E+15,KOSPI,KR7037560000,1168286507,CARD L,0,2021-01-01,2023-06-30
352020,Pharmaceuticals,35202010,Pharmaceuticals,THERAGEN ETEX CO LTD,1.10111E+12,THERAGEN ETEX CO LTD_ALL,1.10111E+15,KOSDAQ,KR7066700006,90202303,CARD L,0,2021-01-01,2023-06-30
502030,Interactive Media & Services,50203010,Interactive Media & Services,DRAGONFLY GF CO LTD,1.10111E+12,DRAGONFLY GF CO LTD_ALL,1.10111E+15,KOSDAQ,KR7030350003,3680144,CARD L,0,2021-01-01,2023-06-30
253020,Diversified Consumer Services,25302020,Specialized Consumer Services,COWAY CO LTD,1.10111E+12,COWAY CO LTD_ALL,1.10111E+15,KOSPI,KR7021240007,2813488928,CARD L,0,2021-01-01,2023-06-30
253010,"Hotels, Restaurants & Leisure",25301020,"Hotels, Resorts & Cruise Lines",MODETOURNETWORKINC,1.10111E+12,MODETOURNETWORKINC_ALL,1.10111E+15,KOSDAQ,KR7080160005,32637015,CARD L,1,2021-01-01,2023-06-30
303020,Personal Products,30302010,Personal Products,COREANA COSMETICS CO LTD,1.10111E+12,COREANA COSMETICS CO LTD_ALL,1.10111E+15,KOSDAQ,KR7027050004,64394766,CARD L,0,2021-01-01,2023-06-30
501010,Diversified Telecommunication Services,50101020,Integrated Telecommunication Services,NICE INFORMATION & TELECOMMUNICATION INC,1.10111E+12,NICE INFORMATION & TELECOMMUNICATION INC_ALL,1.10111E+15,KOSDAQ,KR7036800001,245026335,CARD L,0,2021-01-01,2023-06-30
203020,Airlines,20302010,Airlines,ASIANA AIRLINES INC,1.10111E+12,ASIANA AIRLINES INC_ALL,1.10111E+15,KOSPI,KR7020560009,5630017478,CARD L,0,2021-01-01,2023-06-30
255040,Specialty Retail,25504020,Computer & Electronics Retail,LOTTE HIMART CO LTD,1.10111E+12,LOTTE HIMART CO LTD_ALL,1.10111E+15,KOSPI,KR7071840003,3336820851,CARD L,0,2021-01-01,2023-06-30
252030,"Textiles, Apparel & Luxury Goods",25203010,"Apparel, Accessories & Luxury Goods",HANDSOME CORPORATION,1.10111E+12,HANDSOME CORPORATION_ALL,1.10111E+15,KOSPI,KR7020000006,1537082442,CARD L,0,2021-01-01,2023-06-30
253020,Diversified Consumer Services,25302010,Education Services,DAEKYO CO LTD,1.10111E+12,DAEKYO CO LTD_ALL,1.10111E+15,KOSPI,KR7019680008,589098718,CARD L,0,2021-01-01,2023-06-30
501010,Diversified Telecommunication Services,50101020,Integrated Telecommunication Services,KOREAINFORMATION&COMMUNICATION,1.10111E+12,KOREAINFORMATION&COMMUNICATION_ALL,1.10111E+15,KOSDAQ,KR7025770009,590758980,CARD L,0.96,2021-01-01,2023-06-30
352010,Biotechnology,35201010,Biotechnology,CHEM TECH RESEARCH INCORPORATION,1.10111E+12,CHEM TECH RESEARCH INCORPORATION_ALL,1.10111E+15,KOSDAQ,KR7047920004,107481872,CARD L,0,2021-01-01,2023-06-30
202010,Commercial Services & Supplies,20201070,Diversified Support Services,NICE TOTAL CASH MANAGEMENT CO LTD,1.10111E+12,NICE TOTAL CASH MANAGEMENT CO LTD_ALL,1.10111E+15,KOSDAQ,KR7063570006,259435472,CARD L,0,2021-01-01,2023-06-30
252030,"Textiles, Apparel & Luxury Goods",25203010,"Apparel, Accessories & Luxury Goods",GRITEE INC,1.10111E+12,GRITEE INC_ALL,1.10111E+15,KOSDAQ,KR7204020002,139574005,CARD L,0,2021-01-01,2023-06-30
502010,Media,50201020,Broadcasting,THE KOREA ECONOMIC BROADCASTING CO LTD,1.10111E+12,THE KOREA ECONOMIC BROADCASTING CO LTD_ALL,1.10111E+15,KOSDAQ,KR7039340005,86227687,CARD L,0,2021-01-01,2023-06-30
451030,Software,45103020,Systems Software,KOREA INFORMATION CERTIFICATE AUTHORITY INCORPORATED,1.10111E+12,KOREA INFORMATION CERTIFICATE AUTHORITY INCORPORATED_ALL,1.10111E+15,KOSDAQ,KR7053300000,71116474,CARD L,0,2021-01-01,2023-06-30
502030,Interactive Media & Services,50203010,Interactive Media & Services,NAVER CORPORATION,1.10111E+12,NAVER CORPORATION_ALL,1.10111E+15,KOSPI,KR7035420009,5512586322,CARD L,0,2021-01-01,2023-06-30
255040,Specialty Retail,25504040,Specialty Stores,YES24CO LTD,1.10111E+12,YES24CO LTD_ALL,1.10111E+15,KOSDAQ,KR7053280004,646765218,CARD L,0,2021-01-01,2023-06-30
502020,Entertainment,50202010,Movies & Entertainment,CJ CGV CO LTD,1.10111E+12,CJ CGV CO LTD_ALL,1.10111E+15,KOSPI,KR7079160008,706612535,CARD L,0,2021-01-01,2023-06-30
502030,Interactive Media & Services,50203010,Interactive Media & Services,HANBIT SOFT INC,1.10111E+12,HANBIT SOFT INC_ALL,1.10111E+15,KOSDAQ,KR7047080007,12457926,CARD L,0,2021-01-01,2023-06-30
451030,Software,45103020,Systems Software,KGINICIS CO LTD,1.10111E+12,KGINICIS CO LTD_ALL,1.10111E+15,KOSDAQ,KR7035600006,666957435,CARD L,0.83,2021-01-01,2023-06-30
451030,Software,45103020,Systems Software,GAEASOFT,1.10111E+12,GAEASOFT_ALL,1.10111E+15,KOSDAQ,KR7051160000,50398568,CARD L,0,2021-01-01,2023-06-30
252030,"Textiles, Apparel & Luxury Goods",25203010,"Apparel, Accessories & Luxury Goods",CREAS F&C CO LTD,1.10111E+12,CREAS F&C CO LTD_ALL,1.10111E+15,KOSDAQ,KR7110790003,376471576,CARD L,0,2021-01-01,2023-06-30
451020,IT Services,45102030,Internet Services & Infrastructure,DAOU TECHNOLOGY INC,1.10111E+12,DAOU TECHNOLOGY INC_ALL,1.10111E+15,KOSPI,KR7023590003,301413316,CARD L,0,2021-01-01,2023-06-30
255010,Distributors,25501010,Distributors,APROGEN HEALTHCARE & GAMES INC,1.10111E+12,APROGEN HEALTHCARE & GAMES INC_ALL,1.10111E+15,KOSDAQ,KR7109960005,9424776,CARD L,0,2021-01-01,2023-06-30
501010,Diversified Telecommunication Services,50101020,Integrated Telecommunication Services,KT CORPORATION,1.10111E+12,KT CORPORATION_ALL,1.10111E+15,KOSPI,KR7030200000,18289243000,CARD L,0,2021-01-01,2023-06-30
351010,Health Care Equipment & Supplies,35101010,Health Care Equipment,INNOSYS CO LTD,1.10111E+12,INNOSYS CO LTD_ALL,1.10111E+15,KOSDAQ,KR7056090004,22419045,CARD L,0,2021-01-01,2023-06-30
402010,Diversified Financial Services,40201020,Other Diversified Financial Services,DANAL CO LTD,1.10111E+12,DANAL CO LTD_ALL,1.10111E+15,KOSDAQ,KR7064260003,240720339,CARD L,0.95,2021-01-01,2023-06-30
252030,"Textiles, Apparel & Luxury Goods",25203010,"Apparel, Accessories & Luxury Goods",GREAT NEW WAVE COMING CO LTD,1.10111E+12,GREAT NEW WAVE COMING CO LTD_ALL,1.10111E+15,KOSDAQ,KR7065060006,95299427,CARD L,0,2021-01-01,2023-06-30
253010,"Hotels, Restaurants & Leisure",25301020,"Hotels, Resorts & Cruise Lines",REDCAPTOUR CO LTD,1.10111E+12,REDCAPTOUR CO LTD_ALL,1.10111E+15,KOSDAQ,KR7038390001,253321187,CARD L,1,2021-01-01,2023-06-30
501020,Wireless Telecommunication Services,50102010,Wireless Telecommunication Services,LG UPLUS CORP,1.10111E+12,LG UPLUS CORP_ALL,1.10111E+15,KOSPI,KR7032640005,12781569000,CARD L,0,2021-01-01,2023-06-30
451030,Software,45103010,Application Software,AFREECATV CO LTD,1.10111E+12,AFREECATV CO LTD_ALL,1.10111E+15,KOSDAQ,KR7067160002,304340329,CARD L,0,2021-01-01,2023-06-30
502030,Interactive Media & Services,50203010,Interactive Media & Services,DIGITALCHOSUN,1.10111E+12,DIGITALCHOSUN_ALL,1.10111E+15,KOSDAQ,KR7033130006,32580665,CARD L,0,2021-01-01,2023-06-30
202020,Professional Services,20202030,Data Processing & Outsourced Services,INFOBANKCORPORATION,1.10111E+12,INFOBANKCORPORATION_ALL,1.10111E+15,KOSDAQ,KR7039290002,105122435,CARD L,0,2021-01-01,2023-06-30
255040,Specialty Retail,25504040,Specialty Stores,THE CENTURY CO LTD,1.10111E+12,THE CENTURY CO LTD_ALL,1.10111E+15,KOSPI,KR7002420008,33710303,CARD L,0,2021-01-01,2023-06-30
352020,Pharmaceuticals,35202010,Pharmaceuticals,REYON PHARMACEUTICAL CO LTD,1.10111E+12,REYON PHARMACEUTICAL CO LTD_ALL,1.10111E+15,KOSPI,KR7102460003,154038839,CARD L,0,2021-01-01,2023-06-30
352020,Pharmaceuticals,35202010,Pharmaceuticals,YUNGJIN PHARM CO LTD,1.10111E+12,YUNGJIN PHARM CO LTD_ALL,1.10111E+15,KOSPI,KR7003520004,218380987,CARD L,0,2021-01-01,2023-06-30
352020,Pharmaceuticals,35202010,Pharmaceuticals,ILSUNG PHARMACEUTICAL CO LTD,1.10111E+12,ILSUNG PHARMACEUTICAL CO LTD_ALL,1.10111E+15,KOSPI,KR7003120003,61247847,CARD L,0,2021-01-01,2023-06-30
251020,Automobiles,25102010,Automobile Manufacturers,KIA MOTORS CORPORATION,1.10111E+12,KIA MOTORS CORPORATION_ALL,1.10111E+15,KOSPI,KR7000270009,46409721000,CARD L,0,2021-01-01,2023-06-30
403010,Insurance,40301040,Property & Casualty Insurance,HYUNDAIMARINE&FIREINSURANCECO LTD,1.10111E+12,HYUNDAIMARINE&FIREINSURANCECO LTD_ALL,1.10111E+15,KOSPI,KR7001450006,20154031472,CARD L,0,2021-01-01,2023-06-30
251010,Auto Components,25101010,Auto Parts & Equipment,KG MOBILITY CORP,1.10111E+12,KG MOBILITY CORP_ALL,1.10111E+15,KOSPI,KR7003620002,3423547321,CARD L,0,2021-01-01,2023-06-30
352020,Pharmaceuticals,35202010,Pharmaceuticals,KUKJE PHARMA CO LTD,1.10111E+12,KUKJE PHARMA CO LTD_ALL,1.10111E+15,KOSPI,KR7002720001,123598851,CARD L,0,2021-01-01,2023-06-30
255030,Multiline Retail,25503010,Department Stores,SHINSEGAE INC,1.10111E+12,SHINSEGAE INC_ALL,1.10111E+15,KOSPI,KR7004170007,1865707316,CARD L,0.82,2021-01-01,2023-06-30
352020,Pharmaceuticals,35202010,Pharmaceuticals,SINSIN PHARMACEUTICAL CO LTD,1.10111E+12,SINSIN PHARMACEUTICAL CO LTD_ALL,1.10111E+15,KOSDAQ,KR7002800001,91904034,CARD L,0,2021-01-01,2023-06-30
352020,Pharmaceuticals,35202010,Pharmaceuticals,JW PHARMACEUTICAL,1.10111E+12,JW PHARMACEUTICAL_ALL,1.10111E+15,KOSPI,KR7001060003,676886997,CARD L,0,2021-01-01,2023-06-30
403010,Insurance,40301040,Property & Casualty Insurance,HEUNGKUK FIRE & MARINE INSURANCE CO LTD,1.10111E+12,HEUNGKUK FIRE & MARINE INSURANCE CO LTD_ALL,1.10111E+15,KOSPI,KR7000540005,4528860000,CARD L,0,2021-01-01,2023-06-30
352020,Pharmaceuticals,35202010,Pharmaceuticals,DAEHANPHARMACEUTICAL,1.10111E+12,DAEHANPHARMACEUTICAL_ALL,1.10111E+15,KOSDAQ,KR7023910003,184267548,CARD L,0,2021-01-01,2023-06-30
403010,Insurance,40301040,Property & Casualty Insurance,LOTTE NON-LIFE INSURANCE CO LTD,1.10111E+12,LOTTE NON-LIFE INSURANCE CO LTD_ALL,1.10111E+15,KOSPI,KR7000400002,3613043433,CARD L,0,2021-01-01,2023-06-30
403010,Insurance,40301040,Property & Casualty Insurance,MERITZ FIRE & MARINE INSURANCE CO LTD,1.10111E+12,MERITZ FIRE & MARINE INSURANCE CO LTD_ALL,1.10111E+15,KOSPI,KR7000060004,12764758938,CARD L,0,2021-01-01,2023-06-30
255030,Multiline Retail,25503010,Department Stores,KYUNGBANG LTD,1.10111E+12,KYUNGBANG LTD_ALL,1.10111E+15,KOSPI,KR7000050005,269780478,CARD L,0.94,2021-01-01,2023-06-30
352020,Pharmaceuticals,35202010,Pharmaceuticals,DONGSUNG PHARMACEUTICAL CO LTD,1.10111E+12,DONGSUNG PHARMACEUTICAL CO LTD_ALL,1.10111E+15,KOSPI,KR7002210003,93328195,CARD L,0,2021-01-01,2023-06-30
403010,Insurance,40301040,Property & Casualty Insurance,HANWHA GENERAL INSURANCE CO LTD,1.10111E+12,HANWHA GENERAL INSURANCE CO LTD_ALL,1.10111E+15,KOSPI,KR7000370007,8244340307,CARD L,0,2021-01-01,2023-06-30
252030,"Textiles, Apparel & Luxury Goods",25203010,"Apparel, Accessories & Luxury Goods",BYC CO LTD,1.10111E+12,BYC CO LTD_ALL,1.10111E+15,KOSPI,KR7001460005,168169259,CARD L,0,2021-01-01,2023-06-30
403010,Insurance,40301040,Property & Casualty Insurance,SAMSUNG FIRE & MARINE INSURANCE CO LTD,1.10111E+12,SAMSUNG FIRE & MARINE INSURANCE CO LTD_ALL,1.10111E+15,KOSPI,KR7000810002,25210977367,CARD L,0,2021-01-01,2023-06-30
255010,Distributors,25501010,Distributors,JOONG ANG ENERVIS CO LTD,1.10111E+12,JOONG ANG ENERVIS CO LTD_ALL,1.10111E+15,KOSDAQ,KR7000440008,71603522,CARD L,0,2021-01-01,2023-06-30
255010,Distributors,25501010,Distributors,SHINSUNG TONGSANG CO LTD,1.10111E+12,SHINSUNG TONGSANG CO LTD_ALL,1.10111E+15,KOSPI,KR7005390000,1463883744,CARD L,0,2021-01-01,2023-06-30
255030,Multiline Retail,25503010,Department Stores,LOTTE SHOPPING CO LTD,1.10111E+12,LOTTE SHOPPING CO LTD_ALL,1.10111E+15,KOSPI,KR7023530009,8814417015,CARD L,0.84,2021-01-01,2023-06-30
203040,Road & Rail,20304020,Trucking,YOOSUNG T&S CO LTD,1.10111E+12,YOOSUNG T&S CO LTD_ALL,1.10111E+15,KOSDAQ,KR7024800005,200822021,CARD L,0,2021-01-01,2023-06-30
402030,Capital Markets,40203040,Financial Exchanges & Data,NICE INFORMATION SERVICE CO LTD,1.10111E+12,NICE INFORMATION SERVICE CO LTD_ALL,1.10111E+15,KOSDAQ GLOBAL,KR7030190003,415023682,CARD L,0,2021-01-01,2023-06-30
352020,Pharmaceuticals,35202010,Pharmaceuticals,DAEHAN NEW PHARM CO LTD,1.10111E+12,DAEHAN NEW PHARM CO LTD_ALL,1.10111E+15,KOSDAQ,KR7054670005,197957349,CARD L,0,2021-01-01,2023-06-30
302020,Food Products,30202030,Packaged Foods & Meats,PULMUONE CO LTD,1.10111E+12,PULMUONE CO LTD_ALL,1.10111E+15,KOSPI,KR7017810003,123375352,CARD L,0,2021-01-01,2023-06-30
501020,Wireless Telecommunication Services,50102010,Wireless Telecommunication Services,SK TELECOM CO LTD,1.10111E+12,SK TELECOM CO LTD_ALL,1.10111E+15,KOSPI,KR7017670001,12414588000,CARD L,0,2021-01-01,2023-06-30
551030,Multi-Utilities,55103010,Multi-Utilities,SEOUL CITY GAS CO LTD,1.10111E+12,SEOUL CITY GAS CO LTD_ALL,1.10111E+15,KOSPI,KR7017390006,1716610303,CARD L,0,2021-01-01,2023-06-30
301010,Food & Staples Retailing,30101020,Food Distributors,BYON CO LTD,1.10111E+12,BYON CO LTD_ALL,1.10111E+15,KOSDAQ,KR7032980005,11399104,CARD L,0,2021-01-01,2023-06-30
352020,Pharmaceuticals,35202010,Pharmaceuticals,WHANIN PHARM CO LTD,1.10111E+12,WHANIN PHARM CO LTD_ALL,1.10111E+15,KOSPI,KR7016580003,194258420,CARD L,0,2021-01-01,2023-06-30
255040,Specialty Retail,25504010,Apparel Retail,SHINSEGAE INTERNATIONAL INC,1.10111E+12,SHINSEGAE INTERNATIONAL INC_ALL,1.10111E+15,KOSPI,KR7031430002,1430631262,CARD L,0,2021-01-01,2023-06-30
253010,"Hotels, Restaurants & Leisure",25301020,"Hotels, Resorts & Cruise Lines",SEOBU T&D CO LTD,1.10111E+12,SEOBU T&D CO LTD_ALL,1.10111E+15,KOSDAQ,KR7006730006,128985506,CARD L,0,2021-01-01,2023-06-30
352020,Pharmaceuticals,35202010,Pharmaceuticals,JIN YANG PHARMACEUTICAL CO LTD,1.10111E+12,JIN YANG PHARMACEUTICAL CO LTD_ALL,1.10111E+15,KOSDAQ,KR7007370000,76264203,CARD L,0,2021-01-01,2023-06-30
151010,Chemicals,15101010,Commodity Chemicals,ILYA CO LTD,1.10111E+12,ILYA CO LTD_ALL,1.10111E+15,KOSDAQ,KR7058450008,10255277,CARD L,0,2021-01-01,2023-06-30
151010,Chemicals,15101020,Diversified Chemicals,JEONJINBIO CO LTD,1.70111E+12,JEONJINBIO CO LTD_ALL,1.70111E+15,KOSDAQ,KR7110020005,7794176,CARD L,0,2021-01-01,2023-06-30
255010,Distributors,25501010,Distributors,THE WILLBES & CO LTD,1.10111E+12,THE WILLBES & CO LTD_ALL,1.10111E+15,KOSPI,KR7008600009,188668005,CARD L,0,2021-01-01,2023-06-30
352020,Pharmaceuticals,35202010,Pharmaceuticals,KWANGDONG PHARMACEUTICAL CO LTD,1.10111E+12,KWANGDONG PHARMACEUTICAL CO LTD_ALL,1.10111E+15,KOSPI,KR7009290008,850526444,CARD L,0,2021-01-01,2023-06-30
352020,Pharmaceuticals,35202010,Pharmaceuticals,ILYANG PHARMACEUTICAL CO LTD,1.10111E+12,ILYANG PHARMACEUTICAL CO LTD_ALL,1.10111E+15,KOSPI,KR7007570005,235057199,CARD L,0,2021-01-01,2023-06-30
253010,"Hotels, Restaurants & Leisure",25301020,"Hotels, Resorts & Cruise Lines",LOTTE TOUR DEVELOPMENT CO LTD,1.10111E+12,LOTTE TOUR DEVELOPMENT CO LTD_ALL,1.10111E+15,KOSPI,KR7032350001,159119881,CARD L,0.01,2021-01-01,2023-06-30
203020,Airlines,20302010,Airlines,KOREAN AIR LINES CO LTD,1.10111E+12,KOREAN AIR LINES CO LTD_ALL,1.10111E+15,KOSPI,KR7003490000,13412724921,CARD L,0,2021-01-01,2023-06-30
403010,Insurance,40301040,Property & Casualty Insurance,DB INSURANCE CO LTD,1.10111E+12,DB INSURANCE CO LTD_ALL,1.10111E+15,KOSPI,KR7005830005,19932530248,CARD L,0,2021-01-01,2023-06-30
352020,Pharmaceuticals,35202010,Pharmaceuticals,DONGKOOKPHARMACEUTICALCO LTD,1.10111E+12,DONGKOOKPHARMACEUTICALCO LTD_ALL,1.10111E+15,KOSDAQ GLOBAL,KR7086450004,568081031,CARD L,0,2021-01-01,2023-06-30
255030,Multiline Retail,25503010,Department Stores,GS RETAIL CO LTD,1.10111E+12,GS RETAIL CO LTD_ALL,1.10111E+15,KOSPI,KR7007070006,10569337717,CARD L,0,2021-01-01,2023-06-30
352020,Pharmaceuticals,35202010,Pharmaceuticals,SAMJIN PHARMACEUTICAL CO LTD,1.10111E+12,SAMJIN PHARMACEUTICAL CO LTD_ALL,1.10111E+15,KOSPI,KR7005500004,274031808,CARD L,0,2021-01-01,2023-06-30
251020,Automobiles,25102010,Automobile Manufacturers,HYUNDAI MOTOR CO,1.10111E+12,HYUNDAI MOTOR CO_ALL,1.10111E+15,KOSPI,KR7005380001,65308350000,CARD L,0,2021-01-01,2023-06-30
352020,Pharmaceuticals,35202010,Pharmaceuticals,BCWORLDPHARM CO LTD,1.24311E+12,BCWORLDPHARM CO LTD_ALL,1.24311E+15,KOSDAQ,KR7200780005,67361645,CARD L,0,2021-01-01,2023-06-30
255010,Distributors,25501010,Distributors,BTONE CO LTD,1.31311E+12,BTONE CO LTD_ALL,1.31311E+15,KOSPI,KR7101140002,11403731,CARD L,0,2021-01-01,2023-06-30
351010,Health Care Equipment & Supplies,35101010,Health Care Equipment,INTEROJO CO LTD,1.31311E+12,INTEROJO CO LTD_ALL,1.31311E+15,KOSDAQ,KR7119610004,125675903,CARD L,0,2021-01-01,2023-06-30
402030,Capital Markets,40203010,Asset Management & Custody Banks,KAKAOPAY CORP,1.31111E+12,KAKAOPAY CORP_ALL,1.31111E+15,KOSPI,KR7377300009,482768977,CARD L,0.92,2021-01-01,2023-06-30
452010,Communications Equipment,45201020,Communications Equipment,ATEC T& CO LTD,1.31111E+12,ATEC T& CO LTD_ALL,1.31111E+15,KOSDAQ,KR7224110007,28845444,CARD L,1,2021-01-01,2023-06-30
502030,Interactive Media & Services,50203010,Interactive Media & Services,NHN CORPORATION,1.31111E+12,NHN CORPORATION_ALL,1.31111E+15,KOSPI,KR7181710005,311627307,CARD L,0,2021-01-01,2023-06-30
352020,Pharmaceuticals,35202010,Pharmaceuticals,HANA PHARM CO LTD,1.31111E+12,HANA PHARM CO LTD_ALL,1.31111E+15,KOSPI,KR7293480000,210844992,CARD L,0,2021-01-01,2023-06-30
253010,"Hotels, Restaurants & Leisure",25301020,"Hotels, Resorts & Cruise Lines",ANANTI INC,1.30111E+12,ANANTI INC_ALL,1.30111E+15,KOSDAQ,KR7025980004,161555881,CARD L,0,2021-01-01,2023-06-30
352020,Pharmaceuticals,35202010,Pharmaceuticals,SHINPOONG PHARMACEUTICAL CO LTD,1.30111E+12,SHINPOONG PHARMACEUTICAL CO LTD_ALL,1.30111E+15,KOSPI,KR7019170000,196168621,CARD L,0,2021-01-01,2023-06-30
255010,Distributors,25501010,Distributors,KOREAFURNITURE,1.24411E+12,KOREAFURNITURE_ALL,1.24411E+15,KOSDAQ,KR7004590006,19721633,CARD L,0,2021-01-01,2023-06-30
253020,Diversified Consumer Services,25302010,Education Services,JLS CO LTD,1.24311E+12,JLS CO LTD_ALL,1.24311E+15,KOSDAQ,KR7040420002,109997334,CARD L,0,2021-01-01,2023-06-30
602010,Real Estate Management & Development,60201030,Real Estate Development,E-STARCO CO LTD,1.24311E+12,E-STARCO CO LTD_ALL,1.24311E+15,KOSPI,KR7015020001,7626732,CARD L,0,2021-01-01,2023-06-30
352020,Pharmaceuticals,35202010,Pharmaceuticals,YUYU PHARMA INC,1.34111E+12,YUYU PHARMA INC_ALL,1.34111E+15,KOSPI,KR7000220004,106070963,CARD L,0,2021-01-01,2023-06-30
352020,Pharmaceuticals,35202010,Pharmaceuticals,HYUNDAI PHARMACEUTICAL CO LTD,1.24311E+12,HYUNDAI PHARMACEUTICAL CO LTD_ALL,1.24311E+15,KOSPI,KR7004310009,162690046,CARD L,0,2021-01-01,2023-06-30
203020,Airlines,20302010,Airlines,JIN AIR CO LTD,1.20111E+12,JIN AIR CO LTD_ALL,1.20111E+15,KOSPI,KR7272450008,593428498,CARD L,0,2021-01-01,2023-06-30
252010,Household Durables,25201020,Home Furnishings,DUOBACK CO LTD,1.20111E+12,DUOBACK CO LTD_ALL,1.20111E+15,KOSDAQ,KR7073190001,31222834,CARD L,0,2021-01-01,2023-06-30
551030,Multi-Utilities,55103010,Multi-Utilities,INCHON CITY GAS,1.20111E+12,INCHON CITY GAS_ALL,1.20111E+15,KOSPI,KR7034590000,728356330,CARD L,0,2021-01-01,2023-06-30
451020,IT Services,45102010,IT Consulting & Other Services,DOUZONE BIZON CO LTD,1.20111E+12,DOUZONE BIZON CO LTD_ALL,1.20111E+15,KOSPI,KR7012510004,297680162,CARD L,0,2021-01-01,2023-06-30
352020,Pharmaceuticals,35202010,Pharmaceuticals,SHINIL PHARMACEUTICAL CO LTD,1.15211E+12,SHINIL PHARMACEUTICAL CO LTD_ALL,1.15211E+15,KOSDAQ,KR7012790002,80007072,CARD L,0,2021-01-01,2023-06-30
253020,Diversified Consumer Services,25302010,Education Services,IBKIMYOUNG CO LTD,1.10112E+12,IBKIMYOUNG CO LTD_ALL,1.10112E+15,KOSDAQ,KR7339950008,63469408,CARD L,0,2021-01-01,2023-06-30
351010,Health Care Equipment & Supplies,35101010,Health Care Equipment,DAISHIN BALANCE NO 8 SPECIAL PURPOSE ACQUISITION COMPANY,1.10112E+12,DAISHIN BALANCE NO 8 SPECIAL PURPOSE ACQUISITION COMPANY_ALL,1.10112E+15,KOSDAQ,KR7336570007,79876391,CARD L,0,2021-01-01,2023-06-30
451030,Software,45103020,Systems Software,SANDOLL INC,1.10112E+12,SANDOLL INC_ALL,1.10112E+15,KOSDAQ,KR7419120001,17544241,CARD L,0,2021-01-01,2023-06-30
252030,"Textiles, Apparel & Luxury Goods",25203010,"Apparel, Accessories & Luxury Goods",BRAND X CO LTD,1.10112E+12,BRAND X CO LTD_ALL,1.10112E+15,KOSDAQ,KR7337930002,195308292,CARD L,0,2021-01-01,2023-06-30
252030,"Textiles, Apparel & Luxury Goods",25203030,Textiles,G&E HEALTHCARE CO LTD,1.35711E+12,G&E HEALTHCARE CO LTD_ALL,1.35711E+15,KONEX,KR7299480004,3784212,CARD L,0,2021-01-01,2023-06-30
255030,Multiline Retail,25503010,Department Stores,DAEGU DEPARTMENT STORE CO LTD,1.70111E+12,DAEGU DEPARTMENT STORE CO LTD_ALL,1.70111E+15,KOSPI,KR7006370001,70060517,CARD L,0.99,2021-01-01,2023-06-30
255010,Distributors,25501010,Distributors,HEUNGUOIL,1.70111E+12,HEUNGUOIL_ALL,1.70111E+15,KOSDAQ,KR7024060006,146717690,CARD L,0,2021-01-01,2023-06-30
352020,Pharmaceuticals,35202010,Pharmaceuticals,HANALL BIOPHARMA CO LTD,1.64111E+12,HANALL BIOPHARMA CO LTD_ALL,1.64111E+15,KOSPI,KR7009420001,109995419,CARD L,0,2021-01-01,2023-06-30
502030,Interactive Media & Services,50203010,Interactive Media & Services,GOLFZON CO LTD,1.60111E+12,GOLFZON CO LTD_ALL,1.60111E+15,KOSDAQ GLOBAL,KR7215000001,566684211,CARD L,0,2021-01-01,2023-06-30
451030,Software,45103020,Systems Software,MINDS LAB INC,1.60111E+12,MINDS LAB INC_ALL,1.60111E+15,KOSDAQ,KR7377480009,8158308,CARD L,0,2021-01-01,2023-06-30
303020,Personal Products,30302010,Personal Products,NEOPHARMCO LTD,1.60111E+12,NEOPHARMCO LTD_ALL,1.60111E+15,KOSDAQ,KR7092730001,84212353,CARD L,0,2021-01-01,2023-06-30
302030,Tobacco,30203010,Tobacco,KT&G CORPORATION,1.60111E+12,KT&G CORPORATION_ALL,1.60111E+15,KOSPI,KR7033780008,3694358039,CARD L,0,2021-01-01,2023-06-30
252020,Leisure Products,25202010,Leisure Products,VOLVIK INC,1.54511E+12,VOLVIK INC_ALL,1.54511E+15,KONEX,KR7206950008,48437067,CARD L,0,2021-01-01,2023-06-30
253010,"Hotels, Restaurants & Leisure",25301020,"Hotels, Resorts & Cruise Lines",YONG PYONG RESORT CORPORATION,1.45011E+12,YONG PYONG RESORT CORPORATION_ALL,1.45011E+15,KOSPI,KR7070960000,143188366,CARD L,0,2021-01-01,2023-06-30
351010,Health Care Equipment & Supplies,35101020,Health Care Supplies,JETEMA CO LTD,1.35811E+12,JETEMA CO LTD_ALL,1.35811E+15,KOSDAQ,KR7216080002,45993818,CARD L,0,2021-01-01,2023-06-30
453010,Semiconductors & Semiconductor Equipment,45301020,Semiconductors,LUMIMICROCO LTD,1.35811E+12,LUMIMICROCO LTD_ALL,1.35811E+15,KOSDAQ,KR7082800004,15986208,CARD L,0,2021-01-01,2023-06-30
402010,Diversified Financial Services,40201020,Other Diversified Financial Services,KGMOBILIANS CO LTD,1.10111E+12,KGMOBILIANS CO LTD_ALL,1.10111E+15,KOSDAQ,KR7046440004,225040614,CARD L,1,2021-01-01,2023-06-30
255040,Specialty Retail,25504010,Apparel Retail,MODA-INNOCHIPS CO LTD,1.35511E+12,MODA-INNOCHIPS CO LTD_ALL,1.35511E+15,KOSDAQ,KR7080420003,152376149,CARD L,0,2021-01-01,2023-06-30
255010,Distributors,25501010,Distributors,U-TECH CO LTD,1.35111E+12,U-TECH CO LTD_ALL,1.35111E+15,KOSDAQ,KR7178780003,3839520,CARD L,0,2021-01-01,2023-06-30
352020,Pharmaceuticals,35202010,Pharmaceuticals,CMG PHARMACEUTICAL CO LTD,1.35011E+12,CMG PHARMACEUTICAL CO LTD_ALL,1.35011E+15,KOSDAQ,KR7058820002,82197410,CARD L,0,2021-01-01,2023-06-30
251010,Auto Components,25101010,Auto Parts & Equipment,DPECO CO LTD,1.35011E+12,DPECO CO LTD_ALL,1.35011E+15,KONEX,KR7163430002,12695389,CARD L,0,2021-01-01,2023-06-30
201060,Machinery,20106020,Industrial Machinery,SOOSAN HEAVY INDUSTRIES CO LTD,1.34811E+12,SOOSAN HEAVY INDUSTRIES CO LTD_ALL,1.34811E+15,KOSPI,KR7017550005,120360819,CARD L,0,2021-01-01,2023-06-30
151010,Chemicals,15101010,Commodity Chemicals,TAEKYUNG INDUSTRIAL CO LTD,1.34811E+12,TAEKYUNG INDUSTRIAL CO LTD_ALL,1.34811E+15,KOSPI,KR7015890007,157798814,CARD L,0,2021-01-01,2023-06-30
352020,Pharmaceuticals,35202010,Pharmaceuticals,CHABIOTECH CO LTD,1.34511E+12,CHABIOTECH CO LTD_ALL,1.34511E+15,KOSDAQ,KR7085660009,42325924,CARD L,0,2021-01-01,2023-06-30
352020,Pharmaceuticals,35202010,Pharmaceuticals,KOREAN DRUG CO LTD,1.34411E+12,KOREAN DRUG CO LTD_ALL,1.34411E+15,KOSDAQ,KR7014570006,79984056,CARD L,0,2021-01-01,2023-06-30
201040,Electrical Equipment,20104020,Heavy Electrical Equipment,EMB CO LTD,1.34111E+12,EMB CO LTD_ALL,1.34111E+15,KONEX,KR7278990007,22552743,CARD L,0,2021-01-01,2023-06-30
255010,Distributors,25501010,Distributors,HANSSEM CO LTD,1.34111E+12,HANSSEM CO LTD_ALL,1.34111E+15,KOSPI,KR7009240003,1539819827,CARD L,0,2021-01-01,2023-06-30
253010,"Hotels, Restaurants & Leisure",25301020,"Hotels, Resorts & Cruise Lines",YELLOW BALLOON TOUR CO LTD,1.10111E+12,YELLOW BALLOON TOUR CO LTD_ALL,1.10111E+15,KOSDAQ,KR7104620000,20985286,CARD L,1,2021-01-01,2023-06-30
252030,"Textiles, Apparel & Luxury Goods",25203010,"Apparel, Accessories & Luxury Goods",STO CO LTD,1.10111E+12,STO CO LTD_ALL,1.10111E+15,KOSDAQ,KR7098660004,73177690,CARD L,0,2021-01-01,2023-06-30
451030,Software,45103020,Systems Software,HYUNDAI EZWEL CO LTD,1.10111E+12,HYUNDAI EZWEL CO LTD_ALL,1.10111E+15,KOSDAQ,KR7090850009,112460358,CARD L,0,2021-01-01,2023-06-30
255030,Multiline Retail,25503010,Department Stores,HYUNDAI DEPARTMENT STORE CO LTD,1.10111E+12,HYUNDAI DEPARTMENT STORE CO LTD_ALL,1.10111E+15,KOSPI,KR7069960003,1655713149,CARD L,0.99,2021-01-01,2023-06-30
502010,Media,50201040,Publishing,SAMSUNG PUBLISHING CO LTD,1.10111E+12,SAMSUNG PUBLISHING CO LTD_ALL,1.10111E+15,KOSPI,KR7068290006,51665697,CARD L,0,2021-01-01,2023-06-30
451030,Software,45103020,Systems Software,CONNECTWAVE CO LTD,1.10111E+12,CONNECTWAVE CO LTD_ALL,1.10111E+15,KOSDAQ,KR7119860005,75484065,CARD L,0,2021-01-01,2023-06-30
253020,Diversified Consumer Services,25302010,Education Services,CREVERSE INC,1.10111E+12,CREVERSE INC_ALL,1.10111E+15,KOSDAQ,KR7096240007,190615289,CARD L,0,2021-01-01,2023-06-30
451030,Software,45103020,Systems Software,NHN BUGS CORPORATION,1.10111E+12,NHN BUGS CORPORATION_ALL,1.10111E+15,KOSDAQ,KR7104200001,65845522,CARD L,0,2021-01-01,2023-06-30
255030,Multiline Retail,25503010,Department Stores,SAVEZONE I&C CORP,1.10111E+12,SAVEZONE I&C CORP_ALL,1.10111E+15,KOSPI,KR7067830000,119350275,CARD L,0,2021-01-01,2023-06-30
452010,Communications Equipment,45201020,Communications Equipment,LG ELECTRONICS INC,1.10111E+12,LG ELECTRONICS INC_ALL,1.10111E+15,KOSPI,KR7066570003,27791746000,CARD L,0,2021-01-01,2023-06-30
502010,Media,50201040,Publishing,VISANG EDUCATION INC,1.10111E+12,VISANG EDUCATION INC_ALL,1.10111E+15,KOSPI,KR7100220003,208542777,CARD L,0,2021-01-01,2023-06-30
352020,Pharmaceuticals,35202010,Pharmaceuticals,HUGEL INC,1.10111E+12,HUGEL INC_ALL,1.10111E+15,KOSDAQ GLOBAL,KR7145020004,223135012,CARD L,0,2021-01-01,2023-06-30
351010,Health Care Equipment & Supplies,35101010,Health Care Equipment,ANYMEDI INC,1.10112E+12,ANYMEDI INC_ALL,1.10112E+15,KONEX,KR7390110005,655390,CARD L,0,2021-01-01,2023-06-30
255040,Specialty Retail,25504040,Specialty Stores,HYUNDAI HOME SHOPPING NETWORK CORPORATION,1.10111E+12,HYUNDAI HOME SHOPPING NETWORK CORPORATION_ALL,1.10111E+15,KOSPI,KR7057050007,1101635299,CARD L,0.72,2021-01-01,2023-06-30
302020,Food Products,30202030,Packaged Foods & Meats,NEWTREE CO LTD,1.10111E+12,NEWTREE CO LTD_ALL,1.10111E+15,KOSDAQ,KR7270870009,182228179,CARD L,0,2021-01-01,2023-06-30
255040,Specialty Retail,25504040,Specialty Stores,ISE COMMERCE COMPANY LIMITED,1.10111E+12,ISE COMMERCE COMPANY LIMITED_ALL,1.10111E+15,KOSDAQ,KR7069920007,5475494,CARD L,0.99,2021-01-01,2023-06-30
351010,Health Care Equipment & Supplies,35101020,Health Care Supplies,PHARMARESEARCH CO LTD,1.10111E+12,PHARMARESEARCH CO LTD_ALL,1.10111E+15,KOSDAQ GLOBAL,KR7214450009,174737653,CARD L,0,2021-01-01,2023-06-30
451020,IT Services,45102020,Data Processing & Outsourced Services,HECTO FINANCIAL CO LTD,1.10111E+12,HECTO FINANCIAL CO LTD_ALL,1.10111E+15,KOSDAQ,KR7234340008,121638498,CARD L,1,2021-01-01,2023-06-30
502010,Media,50201040,Publishing,MEGASTUDYCO LTD,1.10111E+12,MEGASTUDYCO LTD_ALL,1.10111E+15,KOSDAQ,KR7072870009,55261686,CARD L,0,2021-01-01,2023-06-30
352020,Pharmaceuticals,35202010,Pharmaceuticals,MEDIPOSTCO LTD,1.10111E+12,MEDIPOSTCO LTD_ALL,1.10111E+15,KOSDAQ,KR7078160009,61393787,CARD L,0,2021-01-01,2023-06-30
352010,Biotechnology,35201010,Biotechnology,EYEGENE INC,1.10111E+12,EYEGENE INC_ALL,1.10111E+15,KOSDAQ,KR7185490000,5306774,CARD L,0,2021-01-01,2023-06-30
253020,Diversified Consumer Services,25302010,Education Services,YBM NET INC,1.10111E+12,YBM NET INC_ALL,1.10111E+15,KOSDAQ,KR7057030009,62562530,CARD L,0,2021-01-01,2023-06-30
253020,Diversified Consumer Services,25302010,Education Services,DIGITAL DAESUNG CO LTD,1.10111E+12,DIGITAL DAESUNG CO LTD_ALL,1.10111E+15,KOSDAQ,KR7068930007,188128734,CARD L,0,2021-01-01,2023-06-30
203020,Airlines,20302010,Airlines,TWAY AIR CO LTD,1.10111E+12,TWAY AIR CO LTD_ALL,1.10111E+15,KOSPI,KR7091810002,525949563,CARD L,0,2021-01-01,2023-06-30
352020,Pharmaceuticals,35202010,Pharmaceuticals,HUMEDIX CO LTD,1.10111E+12,HUMEDIX CO LTD_ALL,1.10111E+15,KOSDAQ,KR7200670008,123172790,CARD L,0,2021-01-01,2023-06-30
302020,Food Products,30202030,Packaged Foods & Meats,INSAN INC,1.10112E+12,INSAN INC_ALL,1.10112E+15,KOSDAQ,KR7277410007,33412428,CARD L,0,2021-01-01,2023-06-30
253020,Diversified Consumer Services,25302020,Specialized Consumer Services,ANTZ CO LTD,1.10112E+12,ANTZ CO LTD_ALL,1.10112E+15,KONEX,KR7267810000,26546745,CARD L,0,2021-01-01,2023-06-30
253020,Diversified Consumer Services,25302010,Education Services,MEGASTUDYEDU CO LTD,1.10112E+12,MEGASTUDYEDU CO LTD_ALL,1.10112E+15,KOSDAQ GLOBAL,KR7215200007,747391148,CARD L,0,2021-01-01,2023-06-30
253010,"Hotels, Restaurants & Leisure",25301040,Restaurants,DIDIM INC,1.10112E+12,DIDIM INC_ALL,1.10112E+15,KOSDAQ,KR7217620004,60863893,CARD L,0,2021-01-01,2023-06-30
351010,Health Care Equipment & Supplies,35101010,Health Care Equipment,CLASSYS INC,1.10112E+12,CLASSYS INC_ALL,1.10112E+15,KOSDAQ GLOBAL,KR7214150005,141442784,CARD L,0,2021-01-01,2023-06-30
255010,Distributors,25501010,Distributors,POWER FULX CO LTD,1.10112E+12,POWER FULX CO LTD_ALL,1.10112E+15,KONEX,KR7266870005,13276519,CARD L,0,2021-01-01,2023-06-30
202020,Professional Services,20202030,Data Processing & Outsourced Services,MR BLUE CORPORATION,1.10112E+12,MR BLUE CORPORATION_ALL,1.10112E+15,KOSDAQ,KR7207760000,30355179,CARD L,0,2021-01-01,2023-06-30
502010,Media,50201040,Publishing,I-SCREAM EDU CO LTD,1.10112E+12,I-SCREAM EDU CO LTD_ALL,1.10112E+15,KOSDAQ,KR7289010001,133842492,CARD L,0,2021-01-01,2023-06-30
255040,Specialty Retail,25504040,Specialty Stores,FOODNAMOO INC,1.10112E+12,FOODNAMOO INC_ALL,1.10112E+15,KOSDAQ,KR7290720002,185189714,CARD L,0,2021-01-01,2023-06-30
302020,Food Products,30202030,Packaged Foods & Meats,H PIO CO LTD,1.10111E+12,H PIO CO LTD_ALL,1.10111E+15,KOSDAQ,KR7357230002,113504989,CARD L,0,2021-01-01,2023-06-30
255040,Specialty Retail,25504040,Specialty Stores,DAESUNG INDUSTRIAL CO LTD,1.10111E+12,DAESUNG INDUSTRIAL CO LTD_ALL,1.10111E+15,KOSPI,KR7128820008,881208064,CARD L,0.09,2021-01-01,2023-06-30
255030,Multiline Retail,25503010,Department Stores,E-MART INC,1.10111E+12,E-MART INC_ALL,1.10111E+15,KOSPI,KR7139480008,15486823899,CARD L,0,2021-01-01,2023-06-30
253020,Diversified Consumer Services,25302010,Education Services,MEGAMD CO LTD,1.10111E+12,MEGAMD CO LTD_ALL,1.10111E+15,KOSDAQ,KR7133750000,55810758,CARD L,0,2021-01-01,2023-06-30
352020,Pharmaceuticals,35202010,Pharmaceuticals,WITHUS PHARMACEUTICAL CO LTD,1.10111E+12,WITHUS PHARMACEUTICAL CO LTD_ALL,1.10111E+15,KOSDAQ,KR7330350000,64680376,CARD L,0,2021-01-01,2023-06-30
303020,Personal Products,30302010,Personal Products,INNOGENE CO LTD,1.10111E+12,INNOGENE CO LTD_ALL,1.10111E+15,KONEX,KR7344860002,9139387,CARD L,0,2021-01-01,2023-06-30
502030,Interactive Media & Services,50203010,Interactive Media & Services,SARAMINHR CO LTD,1.10111E+12,SARAMINHR CO LTD_ALL,1.10111E+15,KOSDAQ,KR7143240000,113536192,CARD L,0,2021-01-01,2023-06-30
202010,Commercial Services & Supplies,20201070,Diversified Support Services,LOTTE RENTAL CO LTD,1.10111E+12,LOTTE RENTAL CO LTD_ALL,1.10111E+15,KOSPI,KR7089860001,2522065710,CARD L,0,2021-01-01,2023-06-30
252030,"Textiles, Apparel & Luxury Goods",25203010,"Apparel, Accessories & Luxury Goods",LF CORP,1.10111E+12,LF CORP_ALL,1.10111E+15,KOSPI,KR7093050003,1271908968,CARD L,0,2021-01-01,2023-06-30
253010,"Hotels, Restaurants & Leisure",25301020,"Hotels, Resorts & Cruise Lines",VERY GOOD TOUR CO LTD,1.10111E+12,VERY GOOD TOUR CO LTD_ALL,1.10111E+15,KOSDAQ,KR7094850005,13636812,CARD L,1,2021-01-01,2023-06-30
252030,"Textiles, Apparel & Luxury Goods",25203010,"Apparel, Accessories & Luxury Goods",BARREL CO LTD,1.10111E+12,BARREL CO LTD_ALL,1.10111E+15,KOSDAQ,KR7267790004,36936333,CARD L,0,2021-01-01,2023-06-30
201060,Machinery,20106010,Construction Machinery & Heavy Trucks,ALTON SPORTS CO LTD,1.10111E+12,ALTON SPORTS CO LTD_ALL,1.10111E+15,KOSDAQ,KR7123750002,48398434,CARD L,0,2021-01-01,2023-06-30
302010,Beverages,30201030,Soft Drinks,COCA-COLA BEVERAGE CO,1.10111E+12,COCA-COLA BEVERAGE CO_ALL,1.10111E+15,Unlisted,N/A,1571756172,POS N,0,2019-01-01,2023-06-30
151010,Chemicals,15101020,Diversified Chemicals,AEKYUNG INDUSTRIAL CO LTD,1.10111E+12,AEKYUNG INDUSTRIAL CO LTD_ALL,1.10111E+15,KOSPI,KR7018250001,589759237,POS N,0,2019-01-01,2023-06-30
302020,Food Products,30202030,Packaged Foods & Meats,PULMUONE CORPORATE,1.10111E+12,PULMUONE CORPORATE_ALL,1.10111E+15,KOSPI,KR7103160008,123375352,POS N,0,2019-01-01,2023-06-30
302020,Food Products,30202030,Packaged Foods & Meats,DAESANG CORPORATION,1.10111E+12,DAESANG CORPORATION_ALL,1.10111E+15,KOSPI,KR7001680008,3289633814,POS N,0,2019-01-01,2023-06-30
352020,Pharmaceuticals,35202010,Pharmaceuticals,KWANGDONG PHARMACEUTICAL CO LTD,1.10111E+12,KWANGDONG PHARMACEUTICAL CO LTD_ALL,1.10111E+15,KOSPI,KR7009290008,850526444,POS N,0,2019-01-01,2023-06-30
352020,Pharmaceuticals,35202010,Pharmaceuticals,DONGKOOKPHARMACEUTICALCO LTD,1.10111E+12,DONGKOOKPHARMACEUTICALCO LTD_ALL,1.10111E+15,KOSDAQ GLOBAL,KR7086450004,568081031,POS N,0,2019-01-01,2023-06-30
302020,Food Products,30202030,Packaged Foods & Meats,NAMYANG DAIRY PRODUCTS CO LTD,1.10111E+12,NAMYANG DAIRY PRODUCTS CO LTD_ALL,1.10111E+15,KOSPI,KR7003920006,946340222,POS N,0,2019-01-01,2023-06-30
302020,Food Products,30202030,Packaged Foods & Meats,SPC SAMLIP CO LTD,1.10111E+12,SPC SAMLIP CO LTD_ALL,1.10111E+15,KOSPI,KR7005610001,1624277379,POS N,0,2019-01-01,2023-06-30
151050,Paper & Forest Products,15105020,Paper Products,KLEANNARA CO LTD,1.10111E+12,KLEANNARA CO LTD_ALL,1.10111E+15,KOSPI,KR7004540001,605922228,POS N,0,2019-01-01,2023-06-30
302020,Food Products,30202030,Packaged Foods & Meats,NONGSHIM CO LTD,1.10111E+12,NONGSHIM CO LTD_ALL,1.10111E+15,KOSPI,KR7004370003,2395960802,POS N,0,2019-01-01,2023-06-30
352020,Pharmaceuticals,35202010,Pharmaceuticals,DONGWHA PHARM CO LTD,1.10111E+12,DONGWHA PHARM CO LTD_ALL,1.10111E+15,KOSPI,KR7000020008,315927932,POS N,0,2019-01-01,2023-06-30
302020,Food Products,30202030,Packaged Foods & Meats,SAJODAERIM CORPORATION,1.10111E+12,SAJODAERIM CORPORATION_ALL,1.10111E+15,KOSPI,KR7003960002,1407384624,POS N,0,2019-01-01,2023-06-30
302020,Food Products,30202030,Packaged Foods & Meats,SAMYANG FOODS CO LTD,1.10111E+12,SAMYANG FOODS CO LTD_ALL,1.10111E+15,KOSPI,KR7003230000,833227370,POS N,0,2019-01-01,2023-06-30
302020,Food Products,30202030,Packaged Foods & Meats,LOTTE FOOD CO LTD,1.10111E+12,LOTTE FOOD CO LTD_ALL,1.10111E+15,N/A,N/A,0,POS N,0,2019-01-01,2023-06-30
302010,Beverages,30201020,Distillers & Vintners,HITE JINRO,1.10111E+12,HITE JINRO_ALL,1.10111E+15,KOSPI,KR7000080002,2222161984,POS N,0,2019-01-01,2023-06-30
352020,Pharmaceuticals,35202010,Pharmaceuticals,YUHAN CORPORATION,1.10111E+12,YUHAN CORPORATION_ALL,1.10111E+15,KOSPI,KR7000100008,1726364617,POS N,0,2019-01-01,2023-06-30
302020,Food Products,30202030,Packaged Foods & Meats,ORION CORP,1.10112E+12,ORION CORP_ALL,1.10112E+15,KOSPI,KR7271560005,939112572,POS N,0,2019-01-01,2023-06-30
302010,Beverages,30201030,Soft Drinks,LOTTE CHILSUNG BEVERAGE CO LTD,1.10111E+12,LOTTE CHILSUNG BEVERAGE CO LTD_ALL,1.10111E+15,KOSPI,KR7005300009,2642307745,POS N,0,2019-01-01,2023-06-30
302010,Beverages,30201010,Brewers,KOOK SOON DANG CO LTD,2.01311E+12,KOOK SOON DANG CO LTD_ALL,2.01311E+15,KOSDAQ,KR7043650001,71300012,POS N,0,2019-01-01,2023-06-30
302010,Beverages,30201020,Distillers & Vintners,MUHAK,1.90111E+12,MUHAK_ALL,1.90111E+15,KOSPI,KR7033920000,148218922,POS N,0,2019-01-01,2023-06-30
302020,Food Products,30202030,Packaged Foods & Meats,HAITAI CONFECTIONERY AND FOODS CO LTD,1.61511E+12,HAITAI CONFECTIONERY AND FOODS CO LTD_ALL,1.61511E+15,KOSPI,KR7101530004 ,555798238,POS N,0,2019-01-01,2023-06-30
302030,Tobacco,30203010,Tobacco,KT&G CORPORATION,1.60111E+12,KT&G CORPORATION_ALL,1.60111E+15,KOSPI,KR7033780008,3694358039,POS N,0,2019-01-01,2023-06-30
302020,Food Products,30202030,Packaged Foods & Meats,OTTOGI CORPORATION,1.34111E+12,OTTOGI CORPORATION_ALL,1.34111E+15,KOSPI,KR7007310006,2759810713,POS N,0,2019-01-01,2023-06-30
302020,Food Products,30202030,Packaged Foods & Meats,BINGGRAE CO LTD,1.15211E+12,BINGGRAE CO LTD_ALL,1.15211E+15,KOSPI,KR7005180005,1091455402,POS N,0,2019-01-01,2023-06-30
302020,Food Products,30202030,Packaged Foods & Meats,LOTTE WELLFOOD CO LTD,1.10112E+12,LOTTE WELLFOOD CO LTD_ALL,1.10112E+15,KOSPI,KR7280360009,2443855289,POS N,0,2019-01-01,2023-06-30
302020,Food Products,30202030,Packaged Foods & Meats,DONGWON F & B CO LTD,1.10111E+12,DONGWON F & B CO LTD_ALL,1.10111E+15,KOSPI,KR7049770001,1876232243,POS N,0,2019-01-01,2023-06-30
302020,Food Products,30202030,Packaged Foods & Meats,MAEIL DAIRIES CO LTD,1.10112E+12,MAEIL DAIRIES CO LTD_ALL,1.10112E+15,KOSDAQ,KR7267980001,1621061728,POS N,0,2019-01-01,2023-06-30
302020,Food Products,30202030,Packaged Foods & Meats,CROWN CONFECTIONERY CO LTD,1.10112E+12,CROWN CONFECTIONERY CO LTD_ALL,1.10112E+15,KOSPI,KR7264900002,413638465,POS N,0,2019-01-01,2023-06-30
302020,Food Products,30202030,Packaged Foods & Meats,SEMPIO FOODS COMPANY,1.10112E+12,SEMPIO FOODS COMPANY_ALL,1.10112E+15,KOSPI,KR7248170003,362553052,POS N,0,2019-01-01,2023-06-30
302020,Food Products,30202030,Packaged Foods & Meats,SAMYANG CORPORATION,1.10111E+12,SAMYANG CORPORATION_ALL,1.10111E+15,KOSPI,KR7145990008,1998768182,POS N,0,2019-01-01,2023-06-30
302020,Food Products,30202030,Packaged Foods & Meats,CJ CHEILJEDANG CORP,1.10111E+12,CJ CHEILJEDANG CORP_ALL,1.10111E+15,KOSPI,KR7097950000,7842662871,POS N,0,2019-01-01,2023-06-30
303020,Personal Products,30302010,Personal Products,AMOREPACIFIC CORP,1.10111E+12,AMOREPACIFIC CORP_ALL,1.10111E+15,KOSPI,KR7090430000,2874461833,POS N,0,2019-01-01,2023-06-30
151010,Chemicals,15101020,Diversified Chemicals,LG H&H CO LTD,1.10111E+12,LG H&H CO LTD_ALL,1.10111E+15,KOSPI,KR7051900009,3783321412,POS N,0,2019-01-01,2023-06-30
255040,Specialty Retail,25504040,Specialty Stores,COUPANG CORP,1.10112E+12,COUPANG CORP_ALL,1.10112E+15,Unlisted,N/A,25768487000,CARD H,1,2019-01-01,2023-06-30
451030,Software,45103020,Systems Software,WOOWA BROTHERS CORP,1.10111E+12,WOOWA BROTHERS CORP_ALL,1.10111E+15,Unlisted,N/A,2951584932,CARD H,1,2019-01-01,2023-06-30
255040,Specialty Retail,25504040,Specialty Stores,COUPANG CORP,1.10112E+12,COUPANG CORP_ALL,1.10112E+15,Unlisted,N/A,25768487000,CARD L,1,2021-01-01,2023-06-30
451030,Software,45103020,Systems Software,WOOWA BROTHERS CORP,1.10111E+12,WOOWA BROTHERS CORP_ALL,1.10111E+15,Unlisted,N/A,2951584932,CARD L,0.99,2021-01-01,2023-06-30
