year,mon,mandata_brand_name,sales_all_month,monthly_ratio,active
2019,1,HYUNDAI DEPARTMENT STORE CO LTD_ALL,19505955233,0.40503860880216147,sell
2019,1,SHINSEGAE INC_ALL,28652306249,0.5949613911978385,buy
2019,2,HYUNDAI DEPARTMENT STORE CO LTD_ALL,16302974817,0.4309318588367249,sell
2019,2,SHINSEGAE INC_ALL,21528934063,0.5690681411632751,buy
2019,3,HYUNDAI DEPARTMENT STORE CO LTD_ALL,18676102710,0.43993535723216876,sell
2019,3,SHINSEGAE INC_ALL,23775822108,0.5600646427678313,buy
2019,4,HYUNDAI DEPARTMENT STORE CO LTD_ALL,16910187706,0.42406379552468326,sell
2019,4,SHINSEGAE INC_ALL,22966330602,0.5759362044753168,buy
2019,5,HYUNDAI DEPARTMENT STORE CO LTD_ALL,18738776966,0.42701812120021937,sell
2019,5,SHINSEGAE INC_ALL,25144084289,0.5729818787997807,buy
2019,6,HYUNDAI DEPARTMENT STORE CO LTD_ALL,17663737823,0.42506228298474097,sell
2019,6,SHINSEGAE INC_ALL,23891908326,0.574937717015259,buy
2019,7,HYUNDAI DEPARTMENT STORE CO LTD_ALL,16696374659,0.4096845773221399,sell
2019,7,SHINSEGAE INC_ALL,24057843545,0.5903154226778601,buy
2019,8,HYUNDAI DEPARTMENT STORE CO LTD_ALL,18062287840,0.3827023030350435,sell
2019,8,SHINSEGAE INC_ALL,29134417528,0.6172976969649565,buy
2019,9,HYUNDAI DEPARTMENT STORE CO LTD_ALL,19552640397,0.41603457735002786,sell
2019,9,SHINSEGAE INC_ALL,27444992640,0.5839654226499722,buy
2019,10,HYUNDAI DEPARTMENT STORE CO LTD_ALL,18820864405,0.4205362708688658,sell
2019,10,SHINSEGAE INC_ALL,25933573461,0.5794637291311342,buy
2019,11,HYUNDAI DEPARTMENT STORE CO LTD_ALL,19698091662,0.42954103356150547,sell
2019,11,SHINSEGAE INC_ALL,26160371495,0.5704589664384945,buy
2019,12,HYUNDAI DEPARTMENT STORE CO LTD_ALL,22048546776,0.4061038729319957,sell
2019,12,SHINSEGAE INC_ALL,32244328140,0.5938961270680043,buy
2020,1,HYUNDAI DEPARTMENT STORE CO LTD_ALL,20411806832,0.4078177450209552,sell
2020,1,SHINSEGAE INC_ALL,29639489565,0.5921822549790448,buy
2020,2,HYUNDAI DEPARTMENT STORE CO LTD_ALL,13312838519,0.43353409115573355,sell
2020,2,SHINSEGAE INC_ALL,17394870034,0.5664659088442665,buy
2020,3,HYUNDAI DEPARTMENT STORE CO LTD_ALL,11889218553,0.4729902272122518,buy
2020,3,SHINSEGAE INC_ALL,13247069406,0.5270097727877482,sell
2020,4,HYUNDAI DEPARTMENT STORE CO LTD_ALL,13751902305,0.45824352382064476,sell
2020,4,SHINSEGAE INC_ALL,16258128585,0.5417564761793553,buy
2020,5,HYUNDAI DEPARTMENT STORE CO LTD_ALL,17083267378,0.4687020876066404,sell
2020,5,SHINSEGAE INC_ALL,19364761828,0.5312979123933596,buy
2020,6,HYUNDAI DEPARTMENT STORE CO LTD_ALL,17256847830,0.4742698508465092,buy
2020,6,SHINSEGAE INC_ALL,19129289301,0.5257301491534908,sell
2020,7,HYUNDAI DEPARTMENT STORE CO LTD_ALL,18364747933,0.48888926369641666,buy
2020,7,SHINSEGAE INC_ALL,19199480404,0.5111107363035834,sell
2020,8,HYUNDAI DEPARTMENT STORE CO LTD_ALL,16904680748,0.4871165083019454,buy
2020,8,SHINSEGAE INC_ALL,17798887002,0.5128834916980546,sell
2020,9,HYUNDAI DEPARTMENT STORE CO LTD_ALL,20777266109,0.45123525225128247,sell
2020,9,SHINSEGAE INC_ALL,25268041755,0.5487647477487175,buy
2020,10,HYUNDAI DEPARTMENT STORE CO LTD_ALL,21046400568,0.49978823268295175,buy
2020,10,SHINSEGAE INC_ALL,21064235881,0.5002117673170483,sell
2020,11,HYUNDAI DEPARTMENT STORE CO LTD_ALL,20158561168,0.48642260774751445,buy
2020,11,SHINSEGAE INC_ALL,21283922892,0.5135773922524856,sell
2020,12,HYUNDAI DEPARTMENT STORE CO LTD_ALL,20291743732,0.4567865733968652,sell
2020,12,SHINSEGAE INC_ALL,24131067519,0.5432134266031348,buy
2021,1,HYUNDAI DEPARTMENT STORE CO LTD_ALL,33129209156,0.37918482381886737,sell
2021,1,SHINSEGAE INC_ALL,54240345412,0.6208151761811326,buy
2021,2,HYUNDAI DEPARTMENT STORE CO LTD_ALL,36157567651,0.4385525064782731,sell
2021,2,SHINSEGAE INC_ALL,46289954862,0.5614474935217268,buy
2021,3,HYUNDAI DEPARTMENT STORE CO LTD_ALL,41044879159,0.4960550992653232,buy
2021,3,SHINSEGAE INC_ALL,41697701695,0.5039449007346768,sell
2021,4,HYUNDAI DEPARTMENT STORE CO LTD_ALL,39689910559,0.48786179492445786,buy
2021,4,SHINSEGAE INC_ALL,41664913639,0.5121382050755421,sell
2021,5,HYUNDAI DEPARTMENT STORE CO LTD_ALL,42970191106,0.5006102715382331,buy
2021,5,SHINSEGAE INC_ALL,42865425039,0.4993897284617668,sell
2021,6,HYUNDAI DEPARTMENT STORE CO LTD_ALL,38975400904,0.4764609537232305,buy
2021,6,SHINSEGAE INC_ALL,42826477297,0.5235390462767695,sell
2021,7,HYUNDAI DEPARTMENT STORE CO LTD_ALL,35207573301,0.4687927469663763,buy
2021,7,SHINSEGAE INC_ALL,39895067533,0.5312072530336237,sell
2021,8,HYUNDAI DEPARTMENT STORE CO LTD_ALL,34412684348,0.4422271599600889,sell
2021,8,SHINSEGAE INC_ALL,43404074693,0.5577728400399111,buy
2021,9,HYUNDAI DEPARTMENT STORE CO LTD_ALL,43029409538,0.38366957152982933,sell
2021,9,SHINSEGAE INC_ALL,69122850456,0.6163304284701706,buy
2021,10,HYUNDAI DEPARTMENT STORE CO LTD_ALL,45526245573,0.47747220521362754,buy
2021,10,SHINSEGAE INC_ALL,49822227230,0.5225277947863725,sell
2021,11,HYUNDAI DEPARTMENT STORE CO LTD_ALL,44660494083,0.46522692033036384,buy
2021,11,SHINSEGAE INC_ALL,51336732499,0.5347730796696362,sell
2021,12,HYUNDAI DEPARTMENT STORE CO LTD_ALL,47303057406,0.41851418663456863,sell
2021,12,SHINSEGAE INC_ALL,65723116895,0.5814858133654314,buy
2022,1,HYUNDAI DEPARTMENT STORE CO LTD_ALL,46093378006,0.37406303655172984,sell
2022,1,SHINSEGAE INC_ALL,77130179261,0.6259369634482701,buy
2022,2,HYUNDAI DEPARTMENT STORE CO LTD_ALL,33553056957,0.4277308164875107,sell
2022,2,SHINSEGAE INC_ALL,44891272195,0.5722691835124892,buy
2022,3,HYUNDAI DEPARTMENT STORE CO LTD_ALL,38227636553,0.44600185245900564,sell
2022,3,SHINSEGAE INC_ALL,47484197024,0.5539981475409943,buy
2022,4,HYUNDAI DEPARTMENT STORE CO LTD_ALL,43039354762,0.4441614149682281,sell
2022,4,SHINSEGAE INC_ALL,53860901117,0.555838585031772,buy
2022,5,HYUNDAI DEPARTMENT STORE CO LTD_ALL,45865377980,0.4375703767996538,sell
2022,5,SHINSEGAE INC_ALL,58952910487,0.5624296232003462,buy
2022,6,HYUNDAI DEPARTMENT STORE CO LTD_ALL,41696432152,0.43860851179589017,sell
2022,6,SHINSEGAE INC_ALL,53368827711,0.5613914882041098,buy
2022,7,HYUNDAI DEPARTMENT STORE CO LTD_ALL,43653840528,0.4466632314141417,sell
2022,7,SHINSEGAE INC_ALL,54079389919,0.5533367685858583,buy
2022,8,HYUNDAI DEPARTMENT STORE CO LTD_ALL,43283307422,0.39096030996455255,sell
2022,8,SHINSEGAE INC_ALL,67426926632,0.6090396900354474,buy
2022,9,HYUNDAI DEPARTMENT STORE CO LTD_ALL,45942248178,0.43412684510405863,sell
2022,9,SHINSEGAE INC_ALL,59884536542,0.5658731548959414,buy
2022,10,HYUNDAI DEPARTMENT STORE CO LTD_ALL,43231947922,0.4172459260123903,sell
2022,10,SHINSEGAE INC_ALL,60380682488,0.5827540739876097,buy
2022,11,HYUNDAI DEPARTMENT STORE CO LTD_ALL,42217360615,0.4134873410512854,sell
2022,11,SHINSEGAE INC_ALL,59883372403,0.5865126589487146,buy
2022,12,HYUNDAI DEPARTMENT STORE CO LTD_ALL,53344832630,0.41933419571246205,sell
2022,12,SHINSEGAE INC_ALL,73868338095,0.5806658042875379,buy
2023,1,HYUNDAI DEPARTMENT STORE CO LTD_ALL,44846160120,0.3915920926648152,sell
2023,1,SHINSEGAE INC_ALL,69676479535,0.6084079073351848,buy
2023,2,HYUNDAI DEPARTMENT STORE CO LTD_ALL,38861910842,0.4295597208833019,sell
2023,2,SHINSEGAE INC_ALL,51607257827,0.5704402791166981,buy
2023,3,HYUNDAI DEPARTMENT STORE CO LTD_ALL,43014064076,0.4301307584499076,sell
2023,3,SHINSEGAE INC_ALL,56988233437,0.5698692415500923,buy
2023,4,HYUNDAI DEPARTMENT STORE CO LTD_ALL,41761537231,0.39509468695565897,sell
2023,4,SHINSEGAE INC_ALL,63938535713,0.604905313044341,buy
2023,5,HYUNDAI DEPARTMENT STORE CO LTD_ALL,43853465633,0.4060355552568482,sell
2023,5,SHINSEGAE INC_ALL,64150538118,0.5939644447431518,buy
2023,6,HYUNDAI DEPARTMENT STORE CO LTD_ALL,43542910956,0.4304418190079714,sell
2023,6,SHINSEGAE INC_ALL,57615733565,0.5695581809920286,buy
