year,mon,mandata_brand_name,sales_all_month,monthly_ratio,active
2019,1,HYUNDAI DEPARTMENT STORE CO LTD_ALL,19505955233.0,0.18332994794609195,no data
2019,1,LOTTE SHOPPING CO LTD_ALL,86892128940.0,0.8166700520539081,no data
2019,2,HYUNDAI DEPARTMENT STORE CO LTD_ALL,16302974817.0,0.18753176092179474,no data
2019,2,LOTTE SHOPPING CO LTD_ALL,70631498239.0,0.8124682390782052,no data
2019,3,HYUNDAI DEPARTMENT STORE CO LTD_ALL,18676102710.0,0.19436830260012644,no data
2019,3,LOTTE SHOPPING CO LTD_ALL,77410051566.0,0.8056316973998736,no data
2019,4,HYUNDAI DEPARTMENT STORE CO LTD_ALL,16910187706.0,0.19038638921610185,no data
2019,4,LOTTE SHOPPING CO LTD_ALL,71910172697.0,0.8096136107838982,no data
2019,5,HYUNDAI DEPARTMENT STORE CO LTD_ALL,18738776966.0,0.19271948836118838,no data
2019,5,LOTTE SHOPPING CO LTD_ALL,78494653474.0,0.8072805116388116,no data
2019,6,HYUNDAI DEPARTMENT STORE CO LTD_ALL,17663737823.0,0.19711080409134288,no data
2019,6,LOTTE SHOPPING CO LTD_ALL,71949502326.0,0.8028891959086571,no data
2019,7,HYUNDAI DEPARTMENT STORE CO LTD_ALL,16696374659.0,0.19526212724361874,no data
2019,7,LOTTE SHOPPING CO LTD_ALL,68811116705.0,0.8047378727563812,no data
2019,8,HYUNDAI DEPARTMENT STORE CO LTD_ALL,18062287840.0,0.19565261799030312,no data
2019,8,LOTTE SHOPPING CO LTD_ALL,74255862694.0,0.8043473820096969,no data
2019,9,HYUNDAI DEPARTMENT STORE CO LTD_ALL,19552640397.0,0.18966597469625923,no data
2019,9,LOTTE SHOPPING CO LTD_ALL,83537228138.0,0.8103340253037408,no data
2019,10,HYUNDAI DEPARTMENT STORE CO LTD_ALL,18820864405.0,0.19872575246363028,no data
2019,10,LOTTE SHOPPING CO LTD_ALL,75886863062.0,0.8012742475363698,no data
2019,11,HYUNDAI DEPARTMENT STORE CO LTD_ALL,19698091662.0,0.19674534398767177,no data
2019,11,LOTTE SHOPPING CO LTD_ALL,80421643132.0,0.8032546560123283,no data
2019,12,HYUNDAI DEPARTMENT STORE CO LTD_ALL,22048546776.0,0.2019438235580189,no data
2019,12,LOTTE SHOPPING CO LTD_ALL,87133038417.0,0.7980561764419811,no data
2020,1,HYUNDAI DEPARTMENT STORE CO LTD_ALL,20411806832.0,0.18551515812631184,sell
2020,1,LOTTE SHOPPING CO LTD_ALL,89615896770.0,0.8144848418736882,buy
2020,2,HYUNDAI DEPARTMENT STORE CO LTD_ALL,13312838519.0,0.18429890361958506,sell
2020,2,LOTTE SHOPPING CO LTD_ALL,58922200635.0,0.8157010963804149,buy
2020,3,HYUNDAI DEPARTMENT STORE CO LTD_ALL,11889218553.0,0.1707974131357006,sell
2020,3,LOTTE SHOPPING CO LTD_ALL,57720843653.0,0.8292025868642994,buy
2020,4,HYUNDAI DEPARTMENT STORE CO LTD_ALL,13751902305.0,0.17844546991769716,sell
2020,4,LOTTE SHOPPING CO LTD_ALL,63313109832.0,0.8215545300823028,buy
2020,5,HYUNDAI DEPARTMENT STORE CO LTD_ALL,17083267378.0,0.19666710308949958,buy
2020,5,LOTTE SHOPPING CO LTD_ALL,69780611276.0,0.8033328969105005,sell
2020,6,HYUNDAI DEPARTMENT STORE CO LTD_ALL,17256847830.0,0.21166537545650518,buy
2020,6,LOTTE SHOPPING CO LTD_ALL,64272064458.0,0.7883346245434948,sell
2020,7,HYUNDAI DEPARTMENT STORE CO LTD_ALL,18364747933.0,0.22749896586445048,buy
2020,7,LOTTE SHOPPING CO LTD_ALL,62359785751.0,0.7725010341355495,sell
2020,8,HYUNDAI DEPARTMENT STORE CO LTD_ALL,16904680748.0,0.21190835835589114,buy
2020,8,LOTTE SHOPPING CO LTD_ALL,62868863246.0,0.7880916416441088,sell
2020,9,HYUNDAI DEPARTMENT STORE CO LTD_ALL,20777266109.0,0.20031439749457938,buy
2020,9,LOTTE SHOPPING CO LTD_ALL,82946012741.0,0.7996856025054206,sell
2020,10,HYUNDAI DEPARTMENT STORE CO LTD_ALL,21046400568.0,0.22911270902888498,buy
2020,10,LOTTE SHOPPING CO LTD_ALL,70814066960.0,0.7708872909711151,sell
2020,11,HYUNDAI DEPARTMENT STORE CO LTD_ALL,20158561168.0,0.22114137471091286,buy
2020,11,LOTTE SHOPPING CO LTD_ALL,70998334254.0,0.7788586252890871,sell
2020,12,HYUNDAI DEPARTMENT STORE CO LTD_ALL,20291743732.0,0.2224808232884446,buy
2020,12,LOTTE SHOPPING CO LTD_ALL,70914965377.0,0.7775191767115553,sell
2021,1,HYUNDAI DEPARTMENT STORE CO LTD_ALL,17749437717.0,0.20495771101242882,buy
2021,1,LOTTE SHOPPING CO LTD_ALL,68851049912.0,0.7950422889875711,sell
2021,2,HYUNDAI DEPARTMENT STORE CO LTD_ALL,20361517571.0,0.2190897928789103,buy
2021,2,LOTTE SHOPPING CO LTD_ALL,72575343172.0,0.7809102071210897,sell
2021,3,HYUNDAI DEPARTMENT STORE CO LTD_ALL,21687549459.0,0.24788630231759792,buy
2021,3,LOTTE SHOPPING CO LTD_ALL,65802357229.0,0.7521136976824021,sell
2021,4,HYUNDAI DEPARTMENT STORE CO LTD_ALL,21346676475.0,0.24551938931930914,buy
2021,4,LOTTE SHOPPING CO LTD_ALL,65598295709.0,0.7544806106806908,sell
2021,5,HYUNDAI DEPARTMENT STORE CO LTD_ALL,23583119129.0,0.24867326870667875,buy
2021,5,LOTTE SHOPPING CO LTD_ALL,71252643684.0,0.7513267312933213,sell
2021,6,HYUNDAI DEPARTMENT STORE CO LTD_ALL,20798851576.0,0.247055525412747,buy
2021,6,LOTTE SHOPPING CO LTD_ALL,63388100087.0,0.752944474587253,sell
2021,7,HYUNDAI DEPARTMENT STORE CO LTD_ALL,18407469196.0,0.22598598636075795,buy
2021,7,LOTTE SHOPPING CO LTD_ALL,63046560288.0,0.774014013639242,sell
2021,8,HYUNDAI DEPARTMENT STORE CO LTD_ALL,18629522004.0,0.22788495734107653,buy
2021,8,LOTTE SHOPPING CO LTD_ALL,63120156524.0,0.7721150426589235,sell
2021,9,HYUNDAI DEPARTMENT STORE CO LTD_ALL,24569143187.0,0.23008924417704715,buy
2021,9,LOTTE SHOPPING CO LTD_ALL,82211785556.0,0.7699107558229529,sell
2021,10,HYUNDAI DEPARTMENT STORE CO LTD_ALL,24233250092.0,0.2452479250303297,buy
2021,10,LOTTE SHOPPING CO LTD_ALL,74577983842.0,0.7547520749696703,sell
2021,11,HYUNDAI DEPARTMENT STORE CO LTD_ALL,23261783414.0,0.24199823642416793,buy
2021,11,LOTTE SHOPPING CO LTD_ALL,72861989047.0,0.758001763575832,sell
2021,12,HYUNDAI DEPARTMENT STORE CO LTD_ALL,26135028452.0,0.23719008456513713,buy
2021,12,LOTTE SHOPPING CO LTD_ALL,84050979112.0,0.7628099154348629,sell
2022,1,HYUNDAI DEPARTMENT STORE CO LTD_ALL,26896727973.0,0.2277650355119041,sell
2022,1,LOTTE SHOPPING CO LTD_ALL,91193074145.0,0.7722349644880959,buy
2022,2,HYUNDAI DEPARTMENT STORE CO LTD_ALL,18318525086.0,0.23985497875282544,buy
2022,2,LOTTE SHOPPING CO LTD_ALL,58054811758.0,0.7601450212471745,sell
2022,3,HYUNDAI DEPARTMENT STORE CO LTD_ALL,21084435057.0,0.24174398843031036,buy
2022,3,LOTTE SHOPPING CO LTD_ALL,66133597515.0,0.7582560115696897,sell
2022,4,HYUNDAI DEPARTMENT STORE CO LTD_ALL,22876253681.0,0.23602969282246622,buy
2022,4,LOTTE SHOPPING CO LTD_ALL,74044830304.0,0.7639703071775338,sell
2022,5,HYUNDAI DEPARTMENT STORE CO LTD_ALL,24397331181.0,0.24318773024777404,buy
2022,5,LOTTE SHOPPING CO LTD_ALL,75925703851.0,0.7568122697522259,sell
2022,6,HYUNDAI DEPARTMENT STORE CO LTD_ALL,22057258569.0,0.2418160129264628,buy
2022,6,LOTTE SHOPPING CO LTD_ALL,69157786713.0,0.7581839870735372,sell
2022,7,HYUNDAI DEPARTMENT STORE CO LTD_ALL,22859971443.0,0.24035793107519607,buy
2022,7,LOTTE SHOPPING CO LTD_ALL,72248067392.0,0.7596420689248039,sell
2022,8,HYUNDAI DEPARTMENT STORE CO LTD_ALL,23828124320.0,0.23007154534546492,sell
2022,8,LOTTE SHOPPING CO LTD_ALL,79740199543.0,0.7699284546545351,buy
2022,9,HYUNDAI DEPARTMENT STORE CO LTD_ALL,24738731800.0,0.23908939334324295,buy
2022,9,LOTTE SHOPPING CO LTD_ALL,78731905078.0,0.760910606656757,sell
2022,10,HYUNDAI DEPARTMENT STORE CO LTD_ALL,22104819043.0,0.2168795919455617,sell
2022,10,LOTTE SHOPPING CO LTD_ALL,79817260599.0,0.7831204080544383,buy
2022,11,HYUNDAI DEPARTMENT STORE CO LTD_ALL,21166018032.0,0.22315438614617786,sell
2022,11,LOTTE SHOPPING CO LTD_ALL,73683195544.0,0.7768456138538221,buy
2022,12,HYUNDAI DEPARTMENT STORE CO LTD_ALL,29345886500.0,0.24118966229386063,buy
2022,12,LOTTE SHOPPING CO LTD_ALL,92325524376.0,0.7588103377061394,sell
2023,1,HYUNDAI DEPARTMENT STORE CO LTD_ALL,25141631476.0,0.21592494551436206,sell
2023,1,LOTTE SHOPPING CO LTD_ALL,91295269393.0,0.784075054485638,buy
2023,2,HYUNDAI DEPARTMENT STORE CO LTD_ALL,19916054297.0,0.23859843955906151,buy
2023,2,LOTTE SHOPPING CO LTD_ALL,63554962252.0,0.7614015604409384,sell
2023,3,HYUNDAI DEPARTMENT STORE CO LTD_ALL,21985332653.0,0.23960790894831688,buy
2023,3,LOTTE SHOPPING CO LTD_ALL,69770122121.0,0.7603920910516831,sell
2023,4,HYUNDAI DEPARTMENT STORE CO LTD_ALL,21188972691.0,0.23032373406978185,sell
2023,4,LOTTE SHOPPING CO LTD_ALL,70807506858.0,0.7696762659302182,buy
2023,5,HYUNDAI DEPARTMENT STORE CO LTD_ALL,22304317712.0,0.23553393917543658,buy
2023,5,LOTTE SHOPPING CO LTD_ALL,72392513624.0,0.7644660608245635,sell
2023,6,HYUNDAI DEPARTMENT STORE CO LTD_ALL,21653334270.0,0.24841885123032964,buy
2023,6,LOTTE SHOPPING CO LTD_ALL,65511283724.0,0.7515811487696704,sell
