,year,mon,mandata_brand_name,sales_all_month,monthly_ratio,active
54,2019,1,SHINSEGAE INC_ALL,28652306249,0.5949613911978385,buy
55,2019,2,SHINSEGAE INC_ALL,21528934063,0.5690681411632751,buy
56,2019,3,SHINSEGAE INC_ALL,23775822108,0.5600646427678313,buy
57,2019,4,SHINSEGAE INC_ALL,22966330602,0.5759362044753168,buy
58,2019,5,SHINSEGAE INC_ALL,25144084289,0.5729818787997807,buy
59,2019,6,SHINSEGAE INC_ALL,23891908326,0.574937717015259,buy
60,2019,7,SHINSEGAE INC_ALL,24057843545,0.5903154226778601,buy
61,2019,8,SHINSEGAE INC_ALL,29134417528,0.6172976969649565,buy
62,2019,9,SHINSEGAE INC_ALL,27444992640,0.5839654226499722,buy
63,2019,10,SHINSEGAE INC_ALL,25933573461,0.5794637291311342,buy
64,2019,11,SHINSEGAE INC_ALL,26160371495,0.5704589664384945,buy
65,2019,12,SHINSEGAE INC_ALL,32244328140,0.5938961270680043,buy
66,2020,1,SHINSEGAE INC_ALL,29639489565,0.5921822549790448,buy
67,2020,2,SHINSEGAE INC_ALL,17394870034,0.5664659088442665,buy
68,2020,3,HYUNDAI DEPARTMENT STORE CO LTD_ALL,11889218553,0.4729902272122518,buy
69,2020,4,SHINSEGAE INC_ALL,16258128585,0.5417564761793553,buy
70,2020,5,SHINSEGAE INC_ALL,19364761828,0.5312979123933596,buy
71,2020,6,HYUNDAI DEPARTMENT STORE CO LTD_ALL,17256847830,0.4742698508465092,buy
72,2020,7,HYUNDAI DEPARTMENT STORE CO LTD_ALL,18364747933,0.48888926369641666,buy
73,2020,8,HYUNDAI DEPARTMENT STORE CO LTD_ALL,16904680748,0.4871165083019454,buy
74,2020,9,SHINSEGAE INC_ALL,25268041755,0.5487647477487175,buy
75,2020,10,HYUNDAI DEPARTMENT STORE CO LTD_ALL,21046400568,0.49978823268295175,buy
76,2020,11,HYUNDAI DEPARTMENT STORE CO LTD_ALL,20158561168,0.48642260774751445,buy
77,2020,12,SHINSEGAE INC_ALL,24131067519,0.5432134266031348,buy
78,2021,1,SHINSEGAE INC_ALL,54240345412,0.6208151761811326,buy
79,2021,2,SHINSEGAE INC_ALL,46289954862,0.5614474935217268,buy
80,2021,3,HYUNDAI DEPARTMENT STORE CO LTD_ALL,41044879159,0.4960550992653232,buy
81,2021,4,HYUNDAI DEPARTMENT STORE CO LTD_ALL,39689910559,0.48786179492445786,buy
82,2021,5,HYUNDAI DEPARTMENT STORE CO LTD_ALL,42970191106,0.5006102715382331,buy
83,2021,6,HYUNDAI DEPARTMENT STORE CO LTD_ALL,38975400904,0.4764609537232305,buy
84,2021,7,HYUNDAI DEPARTMENT STORE CO LTD_ALL,35207573301,0.4687927469663763,buy
85,2021,8,SHINSEGAE INC_ALL,43404074693,0.5577728400399111,buy
86,2021,9,SHINSEGAE INC_ALL,69122850456,0.6163304284701706,buy
87,2021,10,HYUNDAI DEPARTMENT STORE CO LTD_ALL,45526245573,0.47747220521362754,buy
88,2021,11,HYUNDAI DEPARTMENT STORE CO LTD_ALL,44660494083,0.46522692033036384,buy
89,2021,12,SHINSEGAE INC_ALL,65723116895,0.5814858133654314,buy
90,2022,1,SHINSEGAE INC_ALL,77130179261,0.6259369634482701,buy
91,2022,2,SHINSEGAE INC_ALL,44891272195,0.5722691835124892,buy
92,2022,3,SHINSEGAE INC_ALL,47484197024,0.5539981475409943,buy
93,2022,4,SHINSEGAE INC_ALL,53860901117,0.555838585031772,buy
94,2022,5,SHINSEGAE INC_ALL,58952910487,0.5624296232003462,buy
95,2022,6,SHINSEGAE INC_ALL,53368827711,0.5613914882041098,buy
96,2022,7,SHINSEGAE INC_ALL,54079389919,0.5533367685858583,buy
97,2022,8,SHINSEGAE INC_ALL,67426926632,0.6090396900354474,buy
98,2022,9,SHINSEGAE INC_ALL,59884536542,0.5658731548959414,buy
99,2022,10,SHINSEGAE INC_ALL,60380682488,0.5827540739876097,buy
100,2022,11,SHINSEGAE INC_ALL,59883372403,0.5865126589487146,buy
101,2022,12,SHINSEGAE INC_ALL,73868338095,0.5806658042875379,buy
102,2023,1,SHINSEGAE INC_ALL,69676479535,0.6084079073351848,buy
103,2023,2,SHINSEGAE INC_ALL,51607257827,0.5704402791166981,buy
104,2023,3,SHINSEGAE INC_ALL,56988233437,0.5698692415500923,buy
105,2023,4,SHINSEGAE INC_ALL,63938535713,0.604905313044341,buy
106,2023,5,SHINSEGAE INC_ALL,64150538118,0.5939644447431518,buy
107,2023,6,SHINSEGAE INC_ALL,57615733565,0.5695581809920286,buy
